match_id,home,away,home_score,away_score,market,line,side,period,avg_odds,n_bookies
xAS6fOVr,Golubic V.,Bouzkova M.,0,0,ou,2.50,over,ft,2.592,5
xAS6fOVr,Golubic V.,Bouzkova M.,0,0,ou,2.50,under,ft,1.466,5
xAS6fOVr,Golubic V.,Bouzkova M.,0,0,ou,16.50,over,ft,1.12,1
xAS6fOVr,Golubic V.,Bouzkova M.,0,0,ou,16.50,under,ft,4.89,1
xAS6fOVr,Golubic V.,Bouzkova M.,0,0,ou,17.50,over,ft,1.24,1
xAS6fOVr,Golubic V.,Bouzkova M.,0,0,ou,17.50,under,ft,3.45,1
xAS6fOVr,Golubic V.,Bouzkova M.,0,0,ou,18.50,over,ft,1.425,2
xAS6fOVr,Golubic V.,Bouzkova M.,0,0,ou,18.50,under,ft,2.645,2
xAS6fOVr,Golubic V.,Bouzkova M.,0,0,ou,19.50,over,ft,1.6,9
xAS6fOVr,Golubic V.,Bouzkova M.,0,0,ou,19.50,under,ft,2.213,9
xAS6fOVr,Golubic V.,Bouzkova M.,0,0,ou,20.00,over,ft,1.696,7
xAS6fOVr,Golubic V.,Bouzkova M.,0,0,ou,20.00,under,ft,2.06,7
xAS6fOVr,Golubic V.,Bouzkova M.,0,0,ou,20.50,over,ft,1.823,10
xAS6fOVr,Golubic V.,Bouzkova M.,0,0,ou,20.50,under,ft,1.904,10
xAS6fOVr,Golubic V.,Bouzkova M.,0,0,ou,21.00,over,ft,1.929,7
xAS6fOVr,Golubic V.,Bouzkova M.,0,0,ou,21.00,under,ft,1.797,7
xAS6fOVr,Golubic V.,Bouzkova M.,0,0,ou,21.50,over,ft,2.012,9
xAS6fOVr,Golubic V.,Bouzkova M.,0,0,ou,21.50,under,ft,1.724,9
xAS6fOVr,Golubic V.,Bouzkova M.,0,0,ou,22.00,over,ft,2.127,7
xAS6fOVr,Golubic V.,Bouzkova M.,0,0,ou,22.00,under,ft,1.649,7
xAS6fOVr,Golubic V.,Bouzkova M.,0,0,ou,22.50,over,ft,2.21,6
xAS6fOVr,Golubic V.,Bouzkova M.,0,0,ou,22.50,under,ft,1.597,6
xAS6fOVr,Golubic V.,Bouzkova M.,0,0,ou,23.50,over,ft,2.485,2
xAS6fOVr,Golubic V.,Bouzkova M.,0,0,ou,23.50,under,ft,1.47,2
xAS6fOVr,Golubic V.,Bouzkova M.,0,0,ou,24.50,over,ft,2.66,2
xAS6fOVr,Golubic V.,Bouzkova M.,0,0,ou,24.50,under,ft,1.415,2
xAS6fOVr,Golubic V.,Bouzkova M.,0,0,ou,25.50,over,ft,2.955,2
xAS6fOVr,Golubic V.,Bouzkova M.,0,0,ou,25.50,under,ft,1.325,2
xAS6fOVr,Golubic V.,Bouzkova M.,0,0,ou,26.50,over,ft,3.32,1
xAS6fOVr,Golubic V.,Bouzkova M.,0,0,ou,26.50,under,ft,1.24,1
xAS6fOVr,Golubic V.,Bouzkova M.,0,0,hc,1.50,home,ft,1.773,9
xAS6fOVr,Golubic V.,Bouzkova M.,0,0,hc,1.50,away,ft,1.954,9
xAS6fOVr,Golubic V.,Bouzkova M.,0,0,hc,-1.50,home,ft,4.531,8
xAS6fOVr,Golubic V.,Bouzkova M.,0,0,hc,-1.50,away,ft,1.175,8
xAS6fOVr,Golubic V.,Bouzkova M.,0,0,hc,1.50,home,ft,2.458,4
xAS6fOVr,Golubic V.,Bouzkova M.,0,0,hc,1.50,away,ft,1.475,4
xAS6fOVr,Golubic V.,Bouzkova M.,0,0,hc,2.00,home,ft,2.38,3
xAS6fOVr,Golubic V.,Bouzkova M.,0,0,hc,2.00,away,ft,1.5,3
xAS6fOVr,Golubic V.,Bouzkova M.,0,0,hc,2.50,home,ft,2.252,6
xAS6fOVr,Golubic V.,Bouzkova M.,0,0,hc,2.50,away,ft,1.56,6
xAS6fOVr,Golubic V.,Bouzkova M.,0,0,hc,3.00,home,ft,2.145,6
xAS6fOVr,Golubic V.,Bouzkova M.,0,0,hc,3.00,away,ft,1.648,6
xAS6fOVr,Golubic V.,Bouzkova M.,0,0,hc,3.50,home,ft,2.0,8
xAS6fOVr,Golubic V.,Bouzkova M.,0,0,hc,3.50,away,ft,1.744,8
xAS6fOVr,Golubic V.,Bouzkova M.,0,0,hc,4.00,home,ft,1.815,6
xAS6fOVr,Golubic V.,Bouzkova M.,0,0,hc,4.00,away,ft,1.923,6
xAS6fOVr,Golubic V.,Bouzkova M.,0,0,hc,4.50,home,ft,1.675,8
xAS6fOVr,Golubic V.,Bouzkova M.,0,0,hc,4.50,away,ft,2.098,8
xAS6fOVr,Golubic V.,Bouzkova M.,0,0,hc,5.00,home,ft,1.498,6
xAS6fOVr,Golubic V.,Bouzkova M.,0,0,hc,5.00,away,ft,2.465,6
xAS6fOVr,Golubic V.,Bouzkova M.,0,0,hc,5.50,home,ft,1.431,7
xAS6fOVr,Golubic V.,Bouzkova M.,0,0,hc,5.50,away,ft,2.667,7
xAS6fOVr,Golubic V.,Bouzkova M.,0,0,hc,6.00,home,ft,1.27,3
xAS6fOVr,Golubic V.,Bouzkova M.,0,0,hc,6.00,away,ft,3.34,3
xAS6fOVr,Golubic V.,Bouzkova M.,0,0,hc,6.50,home,ft,1.22,3
xAS6fOVr,Golubic V.,Bouzkova M.,0,0,hc,6.50,away,ft,3.74,3
ncHkSMth,Kawa K.,Kostyuk M.,,,ou,2.50,over,ft,4.074,5
ncHkSMth,Kawa K.,Kostyuk M.,,,ou,2.50,under,ft,1.202,5
ncHkSMth,Kawa K.,Kostyuk M.,,,ou,13.50,under,ft,10.16,1
ncHkSMth,Kawa K.,Kostyuk M.,,,ou,14.50,over,ft,1.06,1
ncHkSMth,Kawa K.,Kostyuk M.,,,ou,14.50,under,ft,6.43,1
ncHkSMth,Kawa K.,Kostyuk M.,,,ou,15.50,over,ft,1.19,1
ncHkSMth,Kawa K.,Kostyuk M.,,,ou,15.50,under,ft,3.92,1
ncHkSMth,Kawa K.,Kostyuk M.,,,ou,16.50,over,ft,1.452,5
ncHkSMth,Kawa K.,Kostyuk M.,,,ou,16.50,under,ft,2.5,5
ncHkSMth,Kawa K.,Kostyuk M.,,,ou,17.00,over,ft,1.563,6
ncHkSMth,Kawa K.,Kostyuk M.,,,ou,17.00,under,ft,2.302,6
ncHkSMth,Kawa K.,Kostyuk M.,,,ou,17.50,over,ft,1.804,10
ncHkSMth,Kawa K.,Kostyuk M.,,,ou,17.50,under,ft,1.935,10
ncHkSMth,Kawa K.,Kostyuk M.,,,ou,17.75,over,ft,1.65,3
ncHkSMth,Kawa K.,Kostyuk M.,,,ou,17.75,under,ft,2.1,3
ncHkSMth,Kawa K.,Kostyuk M.,,,ou,18.00,over,ft,1.947,7
ncHkSMth,Kawa K.,Kostyuk M.,,,ou,18.00,under,ft,1.79,7
ncHkSMth,Kawa K.,Kostyuk M.,,,ou,18.25,over,ft,1.8,3
ncHkSMth,Kawa K.,Kostyuk M.,,,ou,18.25,under,ft,1.9,3
ncHkSMth,Kawa K.,Kostyuk M.,,,ou,18.50,over,ft,2.063,9
ncHkSMth,Kawa K.,Kostyuk M.,,,ou,18.50,under,ft,1.689,9
ncHkSMth,Kawa K.,Kostyuk M.,,,ou,18.75,over,ft,1.95,3
ncHkSMth,Kawa K.,Kostyuk M.,,,ou,18.75,under,ft,1.75,3
ncHkSMth,Kawa K.,Kostyuk M.,,,ou,19.00,over,ft,2.243,7
ncHkSMth,Kawa K.,Kostyuk M.,,,ou,19.00,under,ft,1.586,7
ncHkSMth,Kawa K.,Kostyuk M.,,,ou,19.25,over,ft,2.11,3
ncHkSMth,Kawa K.,Kostyuk M.,,,ou,19.25,under,ft,1.65,3
ncHkSMth,Kawa K.,Kostyuk M.,,,ou,19.50,over,ft,2.395,8
ncHkSMth,Kawa K.,Kostyuk M.,,,ou,19.50,under,ft,1.516,8
ncHkSMth,Kawa K.,Kostyuk M.,,,ou,20.50,over,ft,2.627,4
ncHkSMth,Kawa K.,Kostyuk M.,,,ou,20.50,under,ft,1.407,4
ncHkSMth,Kawa K.,Kostyuk M.,,,ou,21.50,over,ft,3.013,4
ncHkSMth,Kawa K.,Kostyuk M.,,,ou,21.50,under,ft,1.318,4
ncHkSMth,Kawa K.,Kostyuk M.,,,ou,22.50,over,ft,3.67,1
ncHkSMth,Kawa K.,Kostyuk M.,,,ou,22.50,under,ft,1.22,1
ncHkSMth,Kawa K.,Kostyuk M.,,,ou,23.50,over,ft,4.04,1
ncHkSMth,Kawa K.,Kostyuk M.,,,ou,23.50,under,ft,1.19,1
ncHkSMth,Kawa K.,Kostyuk M.,,,hc,1.50,home,ft,3.467,9
ncHkSMth,Kawa K.,Kostyuk M.,,,hc,1.50,away,ft,1.261,9
ncHkSMth,Kawa K.,Kostyuk M.,,,hc,-1.50,home,ft,12.238,5
ncHkSMth,Kawa K.,Kostyuk M.,,,hc,-1.50,away,ft,1.02,4
ncHkSMth,Kawa K.,Kostyuk M.,,,hc,4.50,home,ft,3.48,3
ncHkSMth,Kawa K.,Kostyuk M.,,,hc,4.50,away,ft,1.25,3
ncHkSMth,Kawa K.,Kostyuk M.,,,hc,5.00,home,ft,3.24,3
ncHkSMth,Kawa K.,Kostyuk M.,,,hc,5.00,away,ft,1.29,3
ncHkSMth,Kawa K.,Kostyuk M.,,,hc,5.25,home,ft,2.42,3
ncHkSMth,Kawa K.,Kostyuk M.,,,hc,5.25,away,ft,1.48,3
ncHkSMth,Kawa K.,Kostyuk M.,,,hc,5.50,home,ft,2.603,7
ncHkSMth,Kawa K.,Kostyuk M.,,,hc,5.50,away,ft,1.449,7
ncHkSMth,Kawa K.,Kostyuk M.,,,hc,5.75,home,ft,2.13,3
ncHkSMth,Kawa K.,Kostyuk M.,,,hc,5.75,away,ft,1.63,3
ncHkSMth,Kawa K.,Kostyuk M.,,,hc,6.00,home,ft,2.295,6
ncHkSMth,Kawa K.,Kostyuk M.,,,hc,6.00,away,ft,1.567,6
ncHkSMth,Kawa K.,Kostyuk M.,,,hc,6.25,home,ft,1.84,3
ncHkSMth,Kawa K.,Kostyuk M.,,,hc,6.25,away,ft,1.84,3
ncHkSMth,Kawa K.,Kostyuk M.,,,hc,6.50,home,ft,1.958,8
ncHkSMth,Kawa K.,Kostyuk M.,,,hc,6.50,away,ft,1.785,8
ncHkSMth,Kawa K.,Kostyuk M.,,,hc,6.75,home,ft,1.63,3
ncHkSMth,Kawa K.,Kostyuk M.,,,hc,6.75,away,ft,2.15,3
ncHkSMth,Kawa K.,Kostyuk M.,,,hc,7.00,home,ft,1.652,6
ncHkSMth,Kawa K.,Kostyuk M.,,,hc,7.00,away,ft,2.135,6
ncHkSMth,Kawa K.,Kostyuk M.,,,hc,7.50,home,ft,1.476,7
ncHkSMth,Kawa K.,Kostyuk M.,,,hc,7.50,away,ft,2.523,7
ncHkSMth,Kawa K.,Kostyuk M.,,,hc,8.00,home,ft,1.3,3
ncHkSMth,Kawa K.,Kostyuk M.,,,hc,8.00,away,ft,3.14,3
ncHkSMth,Kawa K.,Kostyuk M.,,,hc,8.50,home,ft,1.24,3
ncHkSMth,Kawa K.,Kostyuk M.,,,hc,8.50,away,ft,3.56,3
rLEUv0Qc,Zhiyenbayeva S.,Cross K.,,,ou,2.50,over,ft,2.798,5
rLEUv0Qc,Zhiyenbayeva S.,Cross K.,,,ou,2.50,under,ft,1.404,5
rLEUv0Qc,Zhiyenbayeva S.,Cross K.,,,ou,15.50,over,ft,1.08,1
rLEUv0Qc,Zhiyenbayeva S.,Cross K.,,,ou,15.50,under,ft,5.62,1
rLEUv0Qc,Zhiyenbayeva S.,Cross K.,,,ou,16.50,over,ft,1.19,1
rLEUv0Qc,Zhiyenbayeva S.,Cross K.,,,ou,16.50,under,ft,3.93,1
rLEUv0Qc,Zhiyenbayeva S.,Cross K.,,,ou,17.50,over,ft,1.402,4
rLEUv0Qc,Zhiyenbayeva S.,Cross K.,,,ou,17.50,under,ft,2.652,4
rLEUv0Qc,Zhiyenbayeva S.,Cross K.,,,ou,18.00,over,ft,1.517,3
rLEUv0Qc,Zhiyenbayeva S.,Cross K.,,,ou,18.00,under,ft,2.427,3
rLEUv0Qc,Zhiyenbayeva S.,Cross K.,,,ou,18.50,over,ft,1.563,9
rLEUv0Qc,Zhiyenbayeva S.,Cross K.,,,ou,18.50,under,ft,2.286,9
rLEUv0Qc,Zhiyenbayeva S.,Cross K.,,,ou,19.00,over,ft,1.653,7
rLEUv0Qc,Zhiyenbayeva S.,Cross K.,,,ou,19.00,under,ft,2.129,7
rLEUv0Qc,Zhiyenbayeva S.,Cross K.,,,ou,19.50,over,ft,1.785,10
rLEUv0Qc,Zhiyenbayeva S.,Cross K.,,,ou,19.50,under,ft,1.943,10
rLEUv0Qc,Zhiyenbayeva S.,Cross K.,,,ou,20.00,over,ft,1.906,7
rLEUv0Qc,Zhiyenbayeva S.,Cross K.,,,ou,20.00,under,ft,1.82,7
rLEUv0Qc,Zhiyenbayeva S.,Cross K.,,,ou,20.50,over,ft,1.99,10
rLEUv0Qc,Zhiyenbayeva S.,Cross K.,,,ou,20.50,under,ft,1.746,10
rLEUv0Qc,Zhiyenbayeva S.,Cross K.,,,ou,21.00,over,ft,2.16,4
rLEUv0Qc,Zhiyenbayeva S.,Cross K.,,,ou,21.00,under,ft,1.657,4
rLEUv0Qc,Zhiyenbayeva S.,Cross K.,,,ou,21.50,over,ft,2.273,6
rLEUv0Qc,Zhiyenbayeva S.,Cross K.,,,ou,21.50,under,ft,1.547,6
rLEUv0Qc,Zhiyenbayeva S.,Cross K.,,,ou,22.50,over,ft,2.65,4
rLEUv0Qc,Zhiyenbayeva S.,Cross K.,,,ou,22.50,under,ft,1.4,4
rLEUv0Qc,Zhiyenbayeva S.,Cross K.,,,ou,23.50,over,ft,2.67,1
rLEUv0Qc,Zhiyenbayeva S.,Cross K.,,,ou,23.50,under,ft,1.39,1
rLEUv0Qc,Zhiyenbayeva S.,Cross K.,,,ou,24.50,over,ft,2.91,1
rLEUv0Qc,Zhiyenbayeva S.,Cross K.,,,ou,24.50,under,ft,1.34,1
rLEUv0Qc,Zhiyenbayeva S.,Cross K.,,,ou,25.50,over,ft,3.25,1
rLEUv0Qc,Zhiyenbayeva S.,Cross K.,,,ou,25.50,under,ft,1.25,1
rLEUv0Qc,Zhiyenbayeva S.,Cross K.,,,hc,1.50,home,ft,1.989,9
rLEUv0Qc,Zhiyenbayeva S.,Cross K.,,,hc,1.50,away,ft,1.746,9
rLEUv0Qc,Zhiyenbayeva S.,Cross K.,,,hc,-1.50,home,ft,5.364,8
rLEUv0Qc,Zhiyenbayeva S.,Cross K.,,,hc,-1.50,away,ft,1.13,8
rLEUv0Qc,Zhiyenbayeva S.,Cross K.,,,hc,2.50,home,ft,2.58,3
rLEUv0Qc,Zhiyenbayeva S.,Cross K.,,,hc,2.50,away,ft,1.43,3
rLEUv0Qc,Zhiyenbayeva S.,Cross K.,,,hc,3.00,home,ft,2.46,3
rLEUv0Qc,Zhiyenbayeva S.,Cross K.,,,hc,3.00,away,ft,1.47,3
rLEUv0Qc,Zhiyenbayeva S.,Cross K.,,,hc,3.50,home,ft,2.351,7
rLEUv0Qc,Zhiyenbayeva S.,Cross K.,,,hc,3.50,away,ft,1.541,7
rLEUv0Qc,Zhiyenbayeva S.,Cross K.,,,hc,4.00,home,ft,2.133,6
rLEUv0Qc,Zhiyenbayeva S.,Cross K.,,,hc,4.00,away,ft,1.653,6
rLEUv0Qc,Zhiyenbayeva S.,Cross K.,,,hc,4.50,home,ft,1.936,8
rLEUv0Qc,Zhiyenbayeva S.,Cross K.,,,hc,4.50,away,ft,1.796,8
rLEUv0Qc,Zhiyenbayeva S.,Cross K.,,,hc,5.00,home,ft,1.75,6
rLEUv0Qc,Zhiyenbayeva S.,Cross K.,,,hc,5.00,away,ft,1.992,6
rLEUv0Qc,Zhiyenbayeva S.,Cross K.,,,hc,5.50,home,ft,1.623,8
rLEUv0Qc,Zhiyenbayeva S.,Cross K.,,,hc,5.50,away,ft,2.18,8
rLEUv0Qc,Zhiyenbayeva S.,Cross K.,,,hc,6.00,home,ft,1.44,5
rLEUv0Qc,Zhiyenbayeva S.,Cross K.,,,hc,6.00,away,ft,2.654,5
rLEUv0Qc,Zhiyenbayeva S.,Cross K.,,,hc,6.50,home,ft,1.391,7
rLEUv0Qc,Zhiyenbayeva S.,Cross K.,,,hc,6.50,away,ft,2.849,7
rLEUv0Qc,Zhiyenbayeva S.,Cross K.,,,hc,7.00,home,ft,1.22,3
rLEUv0Qc,Zhiyenbayeva S.,Cross K.,,,hc,7.00,away,ft,3.74,3
rLEUv0Qc,Zhiyenbayeva S.,Cross K.,,,hc,7.50,home,ft,1.18,3
rLEUv0Qc,Zhiyenbayeva S.,Cross K.,,,hc,7.50,away,ft,4.25,3
GfA5aioL,Mertens E.,Jovic I.,,,ou,2.50,over,ft,2.434,5
GfA5aioL,Mertens E.,Jovic I.,,,ou,2.50,under,ft,1.512,5
GfA5aioL,Mertens E.,Jovic I.,,,ou,16.50,over,ft,1.08,1
GfA5aioL,Mertens E.,Jovic I.,,,ou,16.50,under,ft,5.29,1
GfA5aioL,Mertens E.,Jovic I.,,,ou,17.50,over,ft,1.19,1
GfA5aioL,Mertens E.,Jovic I.,,,ou,17.50,under,ft,3.81,1
GfA5aioL,Mertens E.,Jovic I.,,,ou,18.50,over,ft,1.35,2
GfA5aioL,Mertens E.,Jovic I.,,,ou,18.50,under,ft,2.9,2
GfA5aioL,Mertens E.,Jovic I.,,,ou,19.50,over,ft,1.51,2
GfA5aioL,Mertens E.,Jovic I.,,,ou,19.50,under,ft,2.37,2
GfA5aioL,Mertens E.,Jovic I.,,,ou,20.00,over,ft,1.62,4
GfA5aioL,Mertens E.,Jovic I.,,,ou,20.00,under,ft,2.22,4
GfA5aioL,Mertens E.,Jovic I.,,,ou,20.50,over,ft,1.706,9
GfA5aioL,Mertens E.,Jovic I.,,,ou,20.50,under,ft,2.036,9
GfA5aioL,Mertens E.,Jovic I.,,,ou,21.00,over,ft,1.797,7
GfA5aioL,Mertens E.,Jovic I.,,,ou,21.00,under,ft,1.931,7
GfA5aioL,Mertens E.,Jovic I.,,,ou,21.50,over,ft,1.883,10
GfA5aioL,Mertens E.,Jovic I.,,,ou,21.50,under,ft,1.836,10
GfA5aioL,Mertens E.,Jovic I.,,,ou,22.00,over,ft,2.041,7
GfA5aioL,Mertens E.,Jovic I.,,,ou,22.00,under,ft,1.71,7
GfA5aioL,Mertens E.,Jovic I.,,,ou,22.50,over,ft,2.158,9
GfA5aioL,Mertens E.,Jovic I.,,,ou,22.50,under,ft,1.628,9
GfA5aioL,Mertens E.,Jovic I.,,,ou,23.00,over,ft,2.265,2
GfA5aioL,Mertens E.,Jovic I.,,,ou,23.00,under,ft,1.545,2
GfA5aioL,Mertens E.,Jovic I.,,,ou,23.50,over,ft,2.438,5
GfA5aioL,Mertens E.,Jovic I.,,,ou,23.50,under,ft,1.476,5
GfA5aioL,Mertens E.,Jovic I.,,,ou,24.50,over,ft,2.614,5
GfA5aioL,Mertens E.,Jovic I.,,,ou,24.50,under,ft,1.418,5
GfA5aioL,Mertens E.,Jovic I.,,,ou,25.50,over,ft,2.77,2
GfA5aioL,Mertens E.,Jovic I.,,,ou,25.50,under,ft,1.385,2
GfA5aioL,Mertens E.,Jovic I.,,,ou,26.50,over,ft,3.17,1
GfA5aioL,Mertens E.,Jovic I.,,,ou,26.50,under,ft,1.3,1
GfA5aioL,Mertens E.,Jovic I.,,,hc,1.50,home,ft,1.376,8
GfA5aioL,Mertens E.,Jovic I.,,,hc,1.50,away,ft,2.885,8
GfA5aioL,Mertens E.,Jovic I.,,,hc,-1.50,home,ft,2.809,9
GfA5aioL,Mertens E.,Jovic I.,,,hc,-1.50,away,ft,1.392,9
GfA5aioL,Mertens E.,Jovic I.,,,hc,0,home,ft,1.853,6
GfA5aioL,Mertens E.,Jovic I.,,,hc,0,away,ft,1.87,6
GfA5aioL,Mertens E.,Jovic I.,,,hc,0.50,home,ft,1.792,8
GfA5aioL,Mertens E.,Jovic I.,,,hc,0.50,away,ft,1.927,8
GfA5aioL,Mertens E.,Jovic I.,,,hc,-0.50,home,ft,1.889,8
GfA5aioL,Mertens E.,Jovic I.,,,hc,-0.50,away,ft,1.829,8
GfA5aioL,Mertens E.,Jovic I.,,,hc,1.00,home,ft,1.742,6
GfA5aioL,Mertens E.,Jovic I.,,,hc,1.00,away,ft,1.992,6
GfA5aioL,Mertens E.,Jovic I.,,,hc,-1.00,home,ft,1.957,6
GfA5aioL,Mertens E.,Jovic I.,,,hc,-1.00,away,ft,1.775,6
GfA5aioL,Mertens E.,Jovic I.,,,hc,1.50,home,ft,1.706,7
GfA5aioL,Mertens E.,Jovic I.,,,hc,1.50,away,ft,2.044,7
GfA5aioL,Mertens E.,Jovic I.,,,hc,-1.50,home,ft,1.974,8
GfA5aioL,Mertens E.,Jovic I.,,,hc,-1.50,away,ft,1.75,8
GfA5aioL,Mertens E.,Jovic I.,,,hc,2.00,home,ft,1.623,4
GfA5aioL,Mertens E.,Jovic I.,,,hc,2.00,away,ft,2.11,4
GfA5aioL,Mertens E.,Jovic I.,,,hc,-2.00,home,ft,2.065,6
GfA5aioL,Mertens E.,Jovic I.,,,hc,-2.00,away,ft,1.687,6
GfA5aioL,Mertens E.,Jovic I.,,,hc,2.50,home,ft,1.585,2
GfA5aioL,Mertens E.,Jovic I.,,,hc,2.50,away,ft,2.225,2
GfA5aioL,Mertens E.,Jovic I.,,,hc,-2.50,home,ft,2.166,5
GfA5aioL,Mertens E.,Jovic I.,,,hc,-2.50,away,ft,1.598,5
GfA5aioL,Mertens E.,Jovic I.,,,hc,3.00,home,ft,1.57,1
GfA5aioL,Mertens E.,Jovic I.,,,hc,3.00,away,ft,2.25,1
GfA5aioL,Mertens E.,Jovic I.,,,hc,-3.00,home,ft,2.17,1
GfA5aioL,Mertens E.,Jovic I.,,,hc,-3.00,away,ft,1.6,1
GfA5aioL,Mertens E.,Jovic I.,,,hc,3.50,home,ft,1.5,1
GfA5aioL,Mertens E.,Jovic I.,,,hc,3.50,away,ft,2.45,1
GfA5aioL,Mertens E.,Jovic I.,,,hc,-3.50,home,ft,2.55,1
GfA5aioL,Mertens E.,Jovic I.,,,hc,-3.50,away,ft,1.45,1
SGjsv3o2,Bencic B.,Noskova L.,1,1,ou,2.50,over,ft,2.348,5
SGjsv3o2,Bencic B.,Noskova L.,1,1,ou,2.50,under,ft,1.55,5
SGjsv3o2,Bencic B.,Noskova L.,1,1,ou,16.50,over,ft,1.09,1
SGjsv3o2,Bencic B.,Noskova L.,1,1,ou,16.50,under,ft,5.28,1
SGjsv3o2,Bencic B.,Noskova L.,1,1,ou,17.50,over,ft,1.14,1
SGjsv3o2,Bencic B.,Noskova L.,1,1,ou,17.50,under,ft,4.29,1
SGjsv3o2,Bencic B.,Noskova L.,1,1,ou,18.50,over,ft,1.27,2
SGjsv3o2,Bencic B.,Noskova L.,1,1,ou,18.50,under,ft,3.445,2
SGjsv3o2,Bencic B.,Noskova L.,1,1,ou,19.50,over,ft,1.425,2
SGjsv3o2,Bencic B.,Noskova L.,1,1,ou,19.50,under,ft,2.61,2
SGjsv3o2,Bencic B.,Noskova L.,1,1,ou,20.50,over,ft,1.618,9
SGjsv3o2,Bencic B.,Noskova L.,1,1,ou,20.50,under,ft,2.16,9
SGjsv3o2,Bencic B.,Noskova L.,1,1,ou,21.00,over,ft,1.679,7
SGjsv3o2,Bencic B.,Noskova L.,1,1,ou,21.00,under,ft,2.083,7
SGjsv3o2,Bencic B.,Noskova L.,1,1,ou,21.50,over,ft,1.768,10
SGjsv3o2,Bencic B.,Noskova L.,1,1,ou,21.50,under,ft,1.958,10
SGjsv3o2,Bencic B.,Noskova L.,1,1,ou,22.00,over,ft,1.889,7
SGjsv3o2,Bencic B.,Noskova L.,1,1,ou,22.00,under,ft,1.834,7
SGjsv3o2,Bencic B.,Noskova L.,1,1,ou,22.50,over,ft,2.001,9
SGjsv3o2,Bencic B.,Noskova L.,1,1,ou,22.50,under,ft,1.73,9
SGjsv3o2,Bencic B.,Noskova L.,1,1,ou,23.00,over,ft,2.13,7
SGjsv3o2,Bencic B.,Noskova L.,1,1,ou,23.00,under,ft,1.651,7
SGjsv3o2,Bencic B.,Noskova L.,1,1,ou,23.50,over,ft,2.199,7
SGjsv3o2,Bencic B.,Noskova L.,1,1,ou,23.50,under,ft,1.581,7
SGjsv3o2,Bencic B.,Noskova L.,1,1,ou,24.50,over,ft,2.348,6
SGjsv3o2,Bencic B.,Noskova L.,1,1,ou,24.50,under,ft,1.518,6
SGjsv3o2,Bencic B.,Noskova L.,1,1,ou,25.50,over,ft,2.55,2
SGjsv3o2,Bencic B.,Noskova L.,1,1,ou,25.50,under,ft,1.45,2
SGjsv3o2,Bencic B.,Noskova L.,1,1,ou,26.50,over,ft,2.88,3
SGjsv3o2,Bencic B.,Noskova L.,1,1,ou,26.50,under,ft,1.363,3
SGjsv3o2,Bencic B.,Noskova L.,1,1,ou,27.50,over,ft,3.22,1
SGjsv3o2,Bencic B.,Noskova L.,1,1,ou,27.50,under,ft,1.26,1
SGjsv3o2,Bencic B.,Noskova L.,1,1,hc,1.50,home,ft,1.296,8
SGjsv3o2,Bencic B.,Noskova L.,1,1,hc,1.50,away,ft,3.341,8
SGjsv3o2,Bencic B.,Noskova L.,1,1,hc,-1.50,home,ft,2.643,9
SGjsv3o2,Bencic B.,Noskova L.,1,1,hc,-1.50,away,ft,1.436,9
SGjsv3o2,Bencic B.,Noskova L.,1,1,hc,0,home,ft,1.69,3
SGjsv3o2,Bencic B.,Noskova L.,1,1,hc,0,away,ft,2.02,3
SGjsv3o2,Bencic B.,Noskova L.,1,1,hc,0.50,home,ft,1.646,5
SGjsv3o2,Bencic B.,Noskova L.,1,1,hc,0.50,away,ft,2.098,5
SGjsv3o2,Bencic B.,Noskova L.,1,1,hc,-0.50,home,ft,1.748,8
SGjsv3o2,Bencic B.,Noskova L.,1,1,hc,-0.50,away,ft,1.99,8
SGjsv3o2,Bencic B.,Noskova L.,1,1,hc,1.00,home,ft,1.64,1
SGjsv3o2,Bencic B.,Noskova L.,1,1,hc,1.00,away,ft,2.12,1
SGjsv3o2,Bencic B.,Noskova L.,1,1,hc,-1.00,home,ft,1.8,6
SGjsv3o2,Bencic B.,Noskova L.,1,1,hc,-1.00,away,ft,1.93,6
SGjsv3o2,Bencic B.,Noskova L.,1,1,hc,1.50,home,ft,1.55,3
SGjsv3o2,Bencic B.,Noskova L.,1,1,hc,1.50,away,ft,2.33,3
SGjsv3o2,Bencic B.,Noskova L.,1,1,hc,-1.50,home,ft,1.856,8
SGjsv3o2,Bencic B.,Noskova L.,1,1,hc,-1.50,away,ft,1.874,8
SGjsv3o2,Bencic B.,Noskova L.,1,1,hc,-2.00,home,ft,1.967,6
SGjsv3o2,Bencic B.,Noskova L.,1,1,hc,-2.00,away,ft,1.772,6
SGjsv3o2,Bencic B.,Noskova L.,1,1,hc,2.50,home,ft,1.42,1
SGjsv3o2,Bencic B.,Noskova L.,1,1,hc,2.50,away,ft,2.65,1
SGjsv3o2,Bencic B.,Noskova L.,1,1,hc,-2.50,home,ft,2.035,8
SGjsv3o2,Bencic B.,Noskova L.,1,1,hc,-2.50,away,ft,1.711,8
SGjsv3o2,Bencic B.,Noskova L.,1,1,hc,-3.00,home,ft,2.208,6
SGjsv3o2,Bencic B.,Noskova L.,1,1,hc,-3.00,away,ft,1.613,6
SGjsv3o2,Bencic B.,Noskova L.,1,1,hc,3.50,home,ft,1.35,2
SGjsv3o2,Bencic B.,Noskova L.,1,1,hc,3.50,away,ft,3.04,2
SGjsv3o2,Bencic B.,Noskova L.,1,1,hc,-3.50,home,ft,2.291,8
SGjsv3o2,Bencic B.,Noskova L.,1,1,hc,-3.50,away,ft,1.565,8
SGjsv3o2,Bencic B.,Noskova L.,1,1,hc,-4.00,home,ft,2.51,3
SGjsv3o2,Bencic B.,Noskova L.,1,1,hc,-4.00,away,ft,1.45,3
SGjsv3o2,Bencic B.,Noskova L.,1,1,hc,-4.50,home,ft,2.74,4
SGjsv3o2,Bencic B.,Noskova L.,1,1,hc,-4.50,away,ft,1.387,4
SGjsv3o2,Bencic B.,Noskova L.,1,1,hc,-5.50,home,ft,4.22,1
SGjsv3o2,Bencic B.,Noskova L.,1,1,hc,-5.50,away,ft,1.21,1
KjP34Jlo,Linette M.,Svitolina E.,,,ou,2.50,over,ft,3.276,5
KjP34Jlo,Linette M.,Svitolina E.,,,ou,2.50,under,ft,1.31,5
KjP34Jlo,Linette M.,Svitolina E.,,,ou,15.50,over,ft,1.09,1
KjP34Jlo,Linette M.,Svitolina E.,,,ou,15.50,under,ft,5.48,1
KjP34Jlo,Linette M.,Svitolina E.,,,ou,16.50,over,ft,1.225,2
KjP34Jlo,Linette M.,Svitolina E.,,,ou,16.50,under,ft,3.845,2
KjP34Jlo,Linette M.,Svitolina E.,,,ou,17.50,over,ft,1.44,2
KjP34Jlo,Linette M.,Svitolina E.,,,ou,17.50,under,ft,2.6,2
KjP34Jlo,Linette M.,Svitolina E.,,,ou,18.00,over,ft,1.553,3
KjP34Jlo,Linette M.,Svitolina E.,,,ou,18.00,under,ft,2.397,3
KjP34Jlo,Linette M.,Svitolina E.,,,ou,18.50,over,ft,1.686,9
KjP34Jlo,Linette M.,Svitolina E.,,,ou,18.50,under,ft,2.071,9
KjP34Jlo,Linette M.,Svitolina E.,,,ou,18.75,over,ft,1.65,3
KjP34Jlo,Linette M.,Svitolina E.,,,ou,18.75,under,ft,2.1,3
KjP34Jlo,Linette M.,Svitolina E.,,,ou,19.00,over,ft,1.826,7
KjP34Jlo,Linette M.,Svitolina E.,,,ou,19.00,under,ft,1.904,7
KjP34Jlo,Linette M.,Svitolina E.,,,ou,19.25,over,ft,1.78,3
KjP34Jlo,Linette M.,Svitolina E.,,,ou,19.25,under,ft,1.92,3
KjP34Jlo,Linette M.,Svitolina E.,,,ou,19.50,over,ft,1.953,10
KjP34Jlo,Linette M.,Svitolina E.,,,ou,19.50,under,ft,1.781,10
KjP34Jlo,Linette M.,Svitolina E.,,,ou,19.75,over,ft,1.9,3
KjP34Jlo,Linette M.,Svitolina E.,,,ou,19.75,under,ft,1.8,3
KjP34Jlo,Linette M.,Svitolina E.,,,ou,20.00,over,ft,2.137,7
KjP34Jlo,Linette M.,Svitolina E.,,,ou,20.00,under,ft,1.647,7
KjP34Jlo,Linette M.,Svitolina E.,,,ou,20.25,over,ft,2.02,3
KjP34Jlo,Linette M.,Svitolina E.,,,ou,20.25,under,ft,1.7,3
KjP34Jlo,Linette M.,Svitolina E.,,,ou,20.50,over,ft,2.243,9
KjP34Jlo,Linette M.,Svitolina E.,,,ou,20.50,under,ft,1.583,9
KjP34Jlo,Linette M.,Svitolina E.,,,ou,21.00,over,ft,2.26,2
KjP34Jlo,Linette M.,Svitolina E.,,,ou,21.00,under,ft,1.545,2
KjP34Jlo,Linette M.,Svitolina E.,,,ou,21.50,over,ft,2.384,5
KjP34Jlo,Linette M.,Svitolina E.,,,ou,21.50,under,ft,1.494,5
KjP34Jlo,Linette M.,Svitolina E.,,,ou,22.50,over,ft,2.755,6
KjP34Jlo,Linette M.,Svitolina E.,,,ou,22.50,under,ft,1.385,6
KjP34Jlo,Linette M.,Svitolina E.,,,ou,23.50,over,ft,3.045,2
KjP34Jlo,Linette M.,Svitolina E.,,,ou,23.50,under,ft,1.305,2
KjP34Jlo,Linette M.,Svitolina E.,,,ou,24.50,over,ft,3.25,1
KjP34Jlo,Linette M.,Svitolina E.,,,ou,24.50,under,ft,1.3,1
KjP34Jlo,Linette M.,Svitolina E.,,,hc,1.50,home,ft,2.711,9
KjP34Jlo,Linette M.,Svitolina E.,,,hc,1.50,away,ft,1.412,9
KjP34Jlo,Linette M.,Svitolina E.,,,hc,-1.50,home,ft,10.051,8
KjP34Jlo,Linette M.,Svitolina E.,,,hc,-1.50,away,ft,1.039,7
KjP34Jlo,Linette M.,Svitolina E.,,,hc,0.50,home,ft,5.0,1
KjP34Jlo,Linette M.,Svitolina E.,,,hc,0.50,away,ft,1.13,1
KjP34Jlo,Linette M.,Svitolina E.,,,hc,1.50,home,ft,4.93,2
KjP34Jlo,Linette M.,Svitolina E.,,,hc,1.50,away,ft,1.15,2
KjP34Jlo,Linette M.,Svitolina E.,,,hc,2.50,home,ft,4.4,1
KjP34Jlo,Linette M.,Svitolina E.,,,hc,2.50,away,ft,1.17,1
KjP34Jlo,Linette M.,Svitolina E.,,,hc,3.50,home,ft,3.464,5
KjP34Jlo,Linette M.,Svitolina E.,,,hc,3.50,away,ft,1.26,5
KjP34Jlo,Linette M.,Svitolina E.,,,hc,4.00,home,ft,3.14,3
KjP34Jlo,Linette M.,Svitolina E.,,,hc,4.00,away,ft,1.3,3
KjP34Jlo,Linette M.,Svitolina E.,,,hc,4.50,home,ft,2.575,8
KjP34Jlo,Linette M.,Svitolina E.,,,hc,4.50,away,ft,1.462,8
KjP34Jlo,Linette M.,Svitolina E.,,,hc,4.75,home,ft,2.25,3
KjP34Jlo,Linette M.,Svitolina E.,,,hc,4.75,away,ft,1.58,3
KjP34Jlo,Linette M.,Svitolina E.,,,hc,5.00,home,ft,2.345,6
KjP34Jlo,Linette M.,Svitolina E.,,,hc,5.00,away,ft,1.552,6
KjP34Jlo,Linette M.,Svitolina E.,,,hc,5.25,home,ft,1.96,3
KjP34Jlo,Linette M.,Svitolina E.,,,hc,5.25,away,ft,1.76,3
KjP34Jlo,Linette M.,Svitolina E.,,,hc,5.50,home,ft,2.001,8
KjP34Jlo,Linette M.,Svitolina E.,,,hc,5.50,away,ft,1.736,8
KjP34Jlo,Linette M.,Svitolina E.,,,hc,5.75,home,ft,1.75,3
KjP34Jlo,Linette M.,Svitolina E.,,,hc,5.75,away,ft,1.95,3
KjP34Jlo,Linette M.,Svitolina E.,,,hc,6.00,home,ft,1.76,6
KjP34Jlo,Linette M.,Svitolina E.,,,hc,6.00,away,ft,1.988,6
KjP34Jlo,Linette M.,Svitolina E.,,,hc,6.25,home,ft,1.54,3
KjP34Jlo,Linette M.,Svitolina E.,,,hc,6.25,away,ft,2.29,3
KjP34Jlo,Linette M.,Svitolina E.,,,hc,6.50,home,ft,1.569,8
KjP34Jlo,Linette M.,Svitolina E.,,,hc,6.50,away,ft,2.285,8
KjP34Jlo,Linette M.,Svitolina E.,,,hc,7.00,home,ft,1.334,5
KjP34Jlo,Linette M.,Svitolina E.,,,hc,7.00,away,ft,3.112,5
KjP34Jlo,Linette M.,Svitolina E.,,,hc,7.50,home,ft,1.26,5
KjP34Jlo,Linette M.,Svitolina E.,,,hc,7.50,away,ft,3.502,5
YBhO6wjT,Zidansek T.,Romero Gormaz L.,,,ou,2.50,over,ft,2.384,5
YBhO6wjT,Zidansek T.,Romero Gormaz L.,,,ou,2.50,under,ft,1.542,5
YBhO6wjT,Zidansek T.,Romero Gormaz L.,,,ou,16.50,over,ft,1.09,1
YBhO6wjT,Zidansek T.,Romero Gormaz L.,,,ou,16.50,under,ft,5.23,1
YBhO6wjT,Zidansek T.,Romero Gormaz L.,,,ou,17.50,over,ft,1.19,1
YBhO6wjT,Zidansek T.,Romero Gormaz L.,,,ou,17.50,under,ft,3.87,1
YBhO6wjT,Zidansek T.,Romero Gormaz L.,,,ou,18.50,over,ft,1.33,1
YBhO6wjT,Zidansek T.,Romero Gormaz L.,,,ou,18.50,under,ft,2.97,1
YBhO6wjT,Zidansek T.,Romero Gormaz L.,,,ou,19.50,over,ft,1.505,2
YBhO6wjT,Zidansek T.,Romero Gormaz L.,,,ou,19.50,under,ft,2.415,2
YBhO6wjT,Zidansek T.,Romero Gormaz L.,,,ou,20.00,over,ft,1.595,2
YBhO6wjT,Zidansek T.,Romero Gormaz L.,,,ou,20.00,under,ft,2.18,2
YBhO6wjT,Zidansek T.,Romero Gormaz L.,,,ou,20.50,over,ft,1.709,9
YBhO6wjT,Zidansek T.,Romero Gormaz L.,,,ou,20.50,under,ft,2.037,9
YBhO6wjT,Zidansek T.,Romero Gormaz L.,,,ou,21.00,over,ft,1.8,7
YBhO6wjT,Zidansek T.,Romero Gormaz L.,,,ou,21.00,under,ft,1.92,7
YBhO6wjT,Zidansek T.,Romero Gormaz L.,,,ou,21.50,over,ft,1.889,10
YBhO6wjT,Zidansek T.,Romero Gormaz L.,,,ou,21.50,under,ft,1.838,10
YBhO6wjT,Zidansek T.,Romero Gormaz L.,,,ou,22.00,over,ft,2.037,7
YBhO6wjT,Zidansek T.,Romero Gormaz L.,,,ou,22.00,under,ft,1.711,7
YBhO6wjT,Zidansek T.,Romero Gormaz L.,,,ou,22.50,over,ft,2.144,9
YBhO6wjT,Zidansek T.,Romero Gormaz L.,,,ou,22.50,under,ft,1.637,9
YBhO6wjT,Zidansek T.,Romero Gormaz L.,,,ou,23.00,over,ft,2.19,3
YBhO6wjT,Zidansek T.,Romero Gormaz L.,,,ou,23.00,under,ft,1.637,3
YBhO6wjT,Zidansek T.,Romero Gormaz L.,,,ou,23.50,over,ft,2.29,2
YBhO6wjT,Zidansek T.,Romero Gormaz L.,,,ou,23.50,under,ft,1.56,2
YBhO6wjT,Zidansek T.,Romero Gormaz L.,,,ou,24.50,over,ft,2.39,1
YBhO6wjT,Zidansek T.,Romero Gormaz L.,,,ou,24.50,under,ft,1.49,1
YBhO6wjT,Zidansek T.,Romero Gormaz L.,,,ou,25.50,over,ft,2.67,1
YBhO6wjT,Zidansek T.,Romero Gormaz L.,,,ou,25.50,under,ft,1.4,1
YBhO6wjT,Zidansek T.,Romero Gormaz L.,,,ou,26.50,over,ft,2.99,1
YBhO6wjT,Zidansek T.,Romero Gormaz L.,,,ou,26.50,under,ft,1.33,1
YBhO6wjT,Zidansek T.,Romero Gormaz L.,,,hc,1.50,home,ft,1.255,8
YBhO6wjT,Zidansek T.,Romero Gormaz L.,,,hc,1.50,away,ft,3.61,8
YBhO6wjT,Zidansek T.,Romero Gormaz L.,,,hc,-1.50,home,ft,2.37,9
YBhO6wjT,Zidansek T.,Romero Gormaz L.,,,hc,-1.50,away,ft,1.529,9
YBhO6wjT,Zidansek T.,Romero Gormaz L.,,,hc,0,home,ft,1.63,3
YBhO6wjT,Zidansek T.,Romero Gormaz L.,,,hc,0,away,ft,2.11,3
YBhO6wjT,Zidansek T.,Romero Gormaz L.,,,hc,0.50,home,ft,1.59,3
YBhO6wjT,Zidansek T.,Romero Gormaz L.,,,hc,0.50,away,ft,2.18,3
YBhO6wjT,Zidansek T.,Romero Gormaz L.,,,hc,-0.50,home,ft,1.63,6
YBhO6wjT,Zidansek T.,Romero Gormaz L.,,,hc,-0.50,away,ft,2.16,6
YBhO6wjT,Zidansek T.,Romero Gormaz L.,,,hc,1.00,home,ft,1.57,1
YBhO6wjT,Zidansek T.,Romero Gormaz L.,,,hc,1.00,away,ft,2.25,1
YBhO6wjT,Zidansek T.,Romero Gormaz L.,,,hc,-1.00,home,ft,1.675,6
YBhO6wjT,Zidansek T.,Romero Gormaz L.,,,hc,-1.00,away,ft,2.1,6
YBhO6wjT,Zidansek T.,Romero Gormaz L.,,,hc,-1.50,home,ft,1.705,8
YBhO6wjT,Zidansek T.,Romero Gormaz L.,,,hc,-1.50,away,ft,2.046,8
YBhO6wjT,Zidansek T.,Romero Gormaz L.,,,hc,-2.00,home,ft,1.76,6
YBhO6wjT,Zidansek T.,Romero Gormaz L.,,,hc,-2.00,away,ft,1.98,6
YBhO6wjT,Zidansek T.,Romero Gormaz L.,,,hc,-2.50,home,ft,1.845,8
YBhO6wjT,Zidansek T.,Romero Gormaz L.,,,hc,-2.50,away,ft,1.887,8
YBhO6wjT,Zidansek T.,Romero Gormaz L.,,,hc,-3.00,home,ft,1.948,6
YBhO6wjT,Zidansek T.,Romero Gormaz L.,,,hc,-3.00,away,ft,1.788,6
YBhO6wjT,Zidansek T.,Romero Gormaz L.,,,hc,-3.50,home,ft,2.076,8
YBhO6wjT,Zidansek T.,Romero Gormaz L.,,,hc,-3.50,away,ft,1.69,8
YBhO6wjT,Zidansek T.,Romero Gormaz L.,,,hc,-4.00,home,ft,2.328,6
YBhO6wjT,Zidansek T.,Romero Gormaz L.,,,hc,-4.00,away,ft,1.553,6
YBhO6wjT,Zidansek T.,Romero Gormaz L.,,,hc,-4.50,home,ft,2.55,3
YBhO6wjT,Zidansek T.,Romero Gormaz L.,,,hc,-4.50,away,ft,1.44,3
pEE63vWA,Cocciaretto E.,Sakatsume H.,,,ou,2.50,over,ft,3.986,5
pEE63vWA,Cocciaretto E.,Sakatsume H.,,,ou,2.50,under,ft,1.208,5
pEE63vWA,Cocciaretto E.,Sakatsume H.,,,ou,14.50,over,ft,1.07,2
pEE63vWA,Cocciaretto E.,Sakatsume H.,,,ou,14.50,under,ft,6.485,2
pEE63vWA,Cocciaretto E.,Sakatsume H.,,,ou,15.00,over,ft,1.1,1
pEE63vWA,Cocciaretto E.,Sakatsume H.,,,ou,15.00,under,ft,6.28,1
pEE63vWA,Cocciaretto E.,Sakatsume H.,,,ou,15.50,over,ft,1.19,2
pEE63vWA,Cocciaretto E.,Sakatsume H.,,,ou,15.50,under,ft,4.015,2
pEE63vWA,Cocciaretto E.,Sakatsume H.,,,ou,16.00,over,ft,1.25,1
pEE63vWA,Cocciaretto E.,Sakatsume H.,,,ou,16.00,under,ft,3.69,1
pEE63vWA,Cocciaretto E.,Sakatsume H.,,,ou,16.50,over,ft,1.385,2
pEE63vWA,Cocciaretto E.,Sakatsume H.,,,ou,16.50,under,ft,2.74,2
pEE63vWA,Cocciaretto E.,Sakatsume H.,,,ou,17.00,over,ft,1.477,3
pEE63vWA,Cocciaretto E.,Sakatsume H.,,,ou,17.00,under,ft,2.493,3
pEE63vWA,Cocciaretto E.,Sakatsume H.,,,ou,17.50,over,ft,1.671,9
pEE63vWA,Cocciaretto E.,Sakatsume H.,,,ou,17.50,under,ft,2.074,9
pEE63vWA,Cocciaretto E.,Sakatsume H.,,,ou,18.00,over,ft,1.81,7
pEE63vWA,Cocciaretto E.,Sakatsume H.,,,ou,18.00,under,ft,1.901,7
pEE63vWA,Cocciaretto E.,Sakatsume H.,,,ou,18.50,over,ft,1.986,10
pEE63vWA,Cocciaretto E.,Sakatsume H.,,,ou,18.50,under,ft,1.752,10
pEE63vWA,Cocciaretto E.,Sakatsume H.,,,ou,19.00,over,ft,2.183,7
pEE63vWA,Cocciaretto E.,Sakatsume H.,,,ou,19.00,under,ft,1.614,7
pEE63vWA,Cocciaretto E.,Sakatsume H.,,,ou,19.50,over,ft,2.329,8
pEE63vWA,Cocciaretto E.,Sakatsume H.,,,ou,19.50,under,ft,1.54,8
pEE63vWA,Cocciaretto E.,Sakatsume H.,,,ou,20.00,over,ft,2.65,1
pEE63vWA,Cocciaretto E.,Sakatsume H.,,,ou,20.00,under,ft,1.44,1
pEE63vWA,Cocciaretto E.,Sakatsume H.,,,ou,20.50,over,ft,2.76,2
pEE63vWA,Cocciaretto E.,Sakatsume H.,,,ou,20.50,under,ft,1.38,2
pEE63vWA,Cocciaretto E.,Sakatsume H.,,,ou,21.00,over,ft,3.07,1
pEE63vWA,Cocciaretto E.,Sakatsume H.,,,ou,21.00,under,ft,1.34,1
pEE63vWA,Cocciaretto E.,Sakatsume H.,,,ou,21.50,over,ft,3.125,2
pEE63vWA,Cocciaretto E.,Sakatsume H.,,,ou,21.50,under,ft,1.3,2
pEE63vWA,Cocciaretto E.,Sakatsume H.,,,ou,22.00,over,ft,3.56,1
pEE63vWA,Cocciaretto E.,Sakatsume H.,,,ou,22.00,under,ft,1.27,1
pEE63vWA,Cocciaretto E.,Sakatsume H.,,,ou,22.50,over,ft,3.595,2
pEE63vWA,Cocciaretto E.,Sakatsume H.,,,ou,22.50,under,ft,1.235,2
pEE63vWA,Cocciaretto E.,Sakatsume H.,,,hc,1.50,home,ft,1.027,3
pEE63vWA,Cocciaretto E.,Sakatsume H.,,,hc,1.50,away,ft,12.437,7
pEE63vWA,Cocciaretto E.,Sakatsume H.,,,hc,-1.50,home,ft,1.293,9
pEE63vWA,Cocciaretto E.,Sakatsume H.,,,hc,-1.50,away,ft,3.287,9
pEE63vWA,Cocciaretto E.,Sakatsume H.,,,hc,-4.50,home,ft,1.28,3
pEE63vWA,Cocciaretto E.,Sakatsume H.,,,hc,-4.50,away,ft,3.26,3
pEE63vWA,Cocciaretto E.,Sakatsume H.,,,hc,-5.00,home,ft,1.362,5
pEE63vWA,Cocciaretto E.,Sakatsume H.,,,hc,-5.00,away,ft,2.934,5
pEE63vWA,Cocciaretto E.,Sakatsume H.,,,hc,-5.50,home,ft,1.508,8
pEE63vWA,Cocciaretto E.,Sakatsume H.,,,hc,-5.50,away,ft,2.417,8
pEE63vWA,Cocciaretto E.,Sakatsume H.,,,hc,-6.00,home,ft,1.713,6
pEE63vWA,Cocciaretto E.,Sakatsume H.,,,hc,-6.00,away,ft,2.055,6
pEE63vWA,Cocciaretto E.,Sakatsume H.,,,hc,-6.50,home,ft,1.909,8
pEE63vWA,Cocciaretto E.,Sakatsume H.,,,hc,-6.50,away,ft,1.815,8
pEE63vWA,Cocciaretto E.,Sakatsume H.,,,hc,-7.00,home,ft,2.29,5
pEE63vWA,Cocciaretto E.,Sakatsume H.,,,hc,-7.00,away,ft,1.57,5
pEE63vWA,Cocciaretto E.,Sakatsume H.,,,hc,-7.50,home,ft,2.64,7
pEE63vWA,Cocciaretto E.,Sakatsume H.,,,hc,-7.50,away,ft,1.436,7
pEE63vWA,Cocciaretto E.,Sakatsume H.,,,hc,-8.00,home,ft,3.56,3
pEE63vWA,Cocciaretto E.,Sakatsume H.,,,hc,-8.00,away,ft,1.24,3
pEE63vWA,Cocciaretto E.,Sakatsume H.,,,hc,-8.50,home,ft,4.1,3
pEE63vWA,Cocciaretto E.,Sakatsume H.,,,hc,-8.50,away,ft,1.19,3
hYj8ALj4,Erjavec V.,Quevedo K.,0,0,ou,2.50,over,ft,2.59,5
hYj8ALj4,Erjavec V.,Quevedo K.,0,0,ou,2.50,under,ft,1.468,5
hYj8ALj4,Erjavec V.,Quevedo K.,0,0,ou,14.50,over,ft,1.03,1
hYj8ALj4,Erjavec V.,Quevedo K.,0,0,ou,14.50,under,ft,8.04,1
hYj8ALj4,Erjavec V.,Quevedo K.,0,0,ou,16.50,over,ft,1.155,2
hYj8ALj4,Erjavec V.,Quevedo K.,0,0,ou,16.50,under,ft,4.69,2
hYj8ALj4,Erjavec V.,Quevedo K.,0,0,ou,17.50,over,ft,1.27,1
hYj8ALj4,Erjavec V.,Quevedo K.,0,0,ou,17.50,under,ft,3.2,1
hYj8ALj4,Erjavec V.,Quevedo K.,0,0,ou,18.50,over,ft,1.467,3
hYj8ALj4,Erjavec V.,Quevedo K.,0,0,ou,18.50,under,ft,2.557,3
hYj8ALj4,Erjavec V.,Quevedo K.,0,0,ou,19.00,over,ft,1.54,2
hYj8ALj4,Erjavec V.,Quevedo K.,0,0,ou,19.00,under,ft,2.28,2
hYj8ALj4,Erjavec V.,Quevedo K.,0,0,ou,19.50,over,ft,1.652,9
hYj8ALj4,Erjavec V.,Quevedo K.,0,0,ou,19.50,under,ft,2.12,9
hYj8ALj4,Erjavec V.,Quevedo K.,0,0,ou,19.75,over,ft,1.72,3
hYj8ALj4,Erjavec V.,Quevedo K.,0,0,ou,19.75,under,ft,2.0,3
hYj8ALj4,Erjavec V.,Quevedo K.,0,0,ou,20.00,over,ft,1.746,7
hYj8ALj4,Erjavec V.,Quevedo K.,0,0,ou,20.00,under,ft,1.991,7
hYj8ALj4,Erjavec V.,Quevedo K.,0,0,ou,20.25,over,ft,1.83,3
hYj8ALj4,Erjavec V.,Quevedo K.,0,0,ou,20.25,under,ft,1.87,3
hYj8ALj4,Erjavec V.,Quevedo K.,0,0,ou,20.50,over,ft,1.867,10
hYj8ALj4,Erjavec V.,Quevedo K.,0,0,ou,20.50,under,ft,1.857,10
hYj8ALj4,Erjavec V.,Quevedo K.,0,0,ou,20.75,over,ft,1.93,3
hYj8ALj4,Erjavec V.,Quevedo K.,0,0,ou,20.75,under,ft,1.77,3
hYj8ALj4,Erjavec V.,Quevedo K.,0,0,ou,21.00,over,ft,1.967,7
hYj8ALj4,Erjavec V.,Quevedo K.,0,0,ou,21.00,under,ft,1.764,7
hYj8ALj4,Erjavec V.,Quevedo K.,0,0,ou,21.25,over,ft,2.02,3
hYj8ALj4,Erjavec V.,Quevedo K.,0,0,ou,21.25,under,ft,1.7,3
hYj8ALj4,Erjavec V.,Quevedo K.,0,0,ou,21.50,over,ft,2.051,9
hYj8ALj4,Erjavec V.,Quevedo K.,0,0,ou,21.50,under,ft,1.698,9
hYj8ALj4,Erjavec V.,Quevedo K.,0,0,ou,22.00,over,ft,2.24,2
hYj8ALj4,Erjavec V.,Quevedo K.,0,0,ou,22.00,under,ft,1.565,2
hYj8ALj4,Erjavec V.,Quevedo K.,0,0,ou,22.50,over,ft,2.417,6
hYj8ALj4,Erjavec V.,Quevedo K.,0,0,ou,22.50,under,ft,1.497,6
hYj8ALj4,Erjavec V.,Quevedo K.,0,0,ou,23.50,over,ft,2.692,4
hYj8ALj4,Erjavec V.,Quevedo K.,0,0,ou,23.50,under,ft,1.393,4
hYj8ALj4,Erjavec V.,Quevedo K.,0,0,ou,24.50,over,ft,2.735,2
hYj8ALj4,Erjavec V.,Quevedo K.,0,0,ou,24.50,under,ft,1.405,2
hYj8ALj4,Erjavec V.,Quevedo K.,0,0,ou,25.50,over,ft,2.96,1
hYj8ALj4,Erjavec V.,Quevedo K.,0,0,ou,25.50,under,ft,1.31,1
hYj8ALj4,Erjavec V.,Quevedo K.,0,0,ou,26.50,over,ft,3.47,1
hYj8ALj4,Erjavec V.,Quevedo K.,0,0,ou,26.50,under,ft,1.22,1
hYj8ALj4,Erjavec V.,Quevedo K.,0,0,ou,28.50,over,ft,4.8,1
hYj8ALj4,Erjavec V.,Quevedo K.,0,0,ou,28.50,under,ft,1.12,1
hYj8ALj4,Erjavec V.,Quevedo K.,0,0,ou,30.50,over,ft,6.96,1
hYj8ALj4,Erjavec V.,Quevedo K.,0,0,ou,30.50,under,ft,1.05,1
hYj8ALj4,Erjavec V.,Quevedo K.,0,0,hc,1.50,home,ft,1.204,8
hYj8ALj4,Erjavec V.,Quevedo K.,0,0,hc,1.50,away,ft,4.121,8
hYj8ALj4,Erjavec V.,Quevedo K.,0,0,hc,-1.50,home,ft,2.1,9
hYj8ALj4,Erjavec V.,Quevedo K.,0,0,hc,-1.50,away,ft,1.67,9
hYj8ALj4,Erjavec V.,Quevedo K.,0,0,hc,1.50,home,ft,1.41,1
hYj8ALj4,Erjavec V.,Quevedo K.,0,0,hc,1.50,away,ft,2.84,1
hYj8ALj4,Erjavec V.,Quevedo K.,0,0,hc,-1.50,home,ft,1.568,6
hYj8ALj4,Erjavec V.,Quevedo K.,0,0,hc,-1.50,away,ft,2.252,6
hYj8ALj4,Erjavec V.,Quevedo K.,0,0,hc,-2.00,home,ft,1.603,4
hYj8ALj4,Erjavec V.,Quevedo K.,0,0,hc,-2.00,away,ft,2.163,4
hYj8ALj4,Erjavec V.,Quevedo K.,0,0,hc,-2.50,home,ft,1.665,8
hYj8ALj4,Erjavec V.,Quevedo K.,0,0,hc,-2.50,away,ft,2.106,8
hYj8ALj4,Erjavec V.,Quevedo K.,0,0,hc,-3.00,home,ft,1.75,6
hYj8ALj4,Erjavec V.,Quevedo K.,0,0,hc,-3.00,away,ft,1.995,6
hYj8ALj4,Erjavec V.,Quevedo K.,0,0,hc,-3.25,home,ft,1.7,3
hYj8ALj4,Erjavec V.,Quevedo K.,0,0,hc,-3.25,away,ft,2.02,3
hYj8ALj4,Erjavec V.,Quevedo K.,0,0,hc,-3.50,home,ft,1.824,8
hYj8ALj4,Erjavec V.,Quevedo K.,0,0,hc,-3.50,away,ft,1.904,8
hYj8ALj4,Erjavec V.,Quevedo K.,0,0,hc,-3.75,home,ft,1.81,3
hYj8ALj4,Erjavec V.,Quevedo K.,0,0,hc,-3.75,away,ft,1.91,3
hYj8ALj4,Erjavec V.,Quevedo K.,0,0,hc,-4.00,home,ft,2.005,6
hYj8ALj4,Erjavec V.,Quevedo K.,0,0,hc,-4.00,away,ft,1.745,6
hYj8ALj4,Erjavec V.,Quevedo K.,0,0,hc,-4.25,home,ft,1.93,3
hYj8ALj4,Erjavec V.,Quevedo K.,0,0,hc,-4.25,away,ft,1.77,3
hYj8ALj4,Erjavec V.,Quevedo K.,0,0,hc,-4.50,home,ft,2.157,8
hYj8ALj4,Erjavec V.,Quevedo K.,0,0,hc,-4.50,away,ft,1.636,8
hYj8ALj4,Erjavec V.,Quevedo K.,0,0,hc,-4.75,home,ft,2.1,3
hYj8ALj4,Erjavec V.,Quevedo K.,0,0,hc,-4.75,away,ft,1.65,3
hYj8ALj4,Erjavec V.,Quevedo K.,0,0,hc,-5.00,home,ft,2.402,6
hYj8ALj4,Erjavec V.,Quevedo K.,0,0,hc,-5.00,away,ft,1.523,6
hYj8ALj4,Erjavec V.,Quevedo K.,0,0,hc,-5.50,home,ft,2.647,6
hYj8ALj4,Erjavec V.,Quevedo K.,0,0,hc,-5.50,away,ft,1.423,6
hYj8ALj4,Erjavec V.,Quevedo K.,0,0,hc,-6.00,home,ft,2.96,3
hYj8ALj4,Erjavec V.,Quevedo K.,0,0,hc,-6.00,away,ft,1.33,3
hYj8ALj4,Erjavec V.,Quevedo K.,0,0,hc,-6.50,home,ft,3.26,3
hYj8ALj4,Erjavec V.,Quevedo K.,0,0,hc,-6.50,away,ft,1.28,3
WU6ZHIT6,Paolini J.,Uchijima M.,,,ou,2.50,over,ft,3.274,5
WU6ZHIT6,Paolini J.,Uchijima M.,,,ou,2.50,under,ft,1.298,5
WU6ZHIT6,Paolini J.,Uchijima M.,,,ou,14.50,over,ft,1.04,1
WU6ZHIT6,Paolini J.,Uchijima M.,,,ou,14.50,under,ft,7.04,1
WU6ZHIT6,Paolini J.,Uchijima M.,,,ou,15.50,over,ft,1.13,1
WU6ZHIT6,Paolini J.,Uchijima M.,,,ou,15.50,under,ft,4.57,1
WU6ZHIT6,Paolini J.,Uchijima M.,,,ou,16.50,over,ft,1.28,1
WU6ZHIT6,Paolini J.,Uchijima M.,,,ou,16.50,under,ft,3.22,1
WU6ZHIT6,Paolini J.,Uchijima M.,,,ou,17.50,over,ft,1.492,6
WU6ZHIT6,Paolini J.,Uchijima M.,,,ou,17.50,under,ft,2.423,6
WU6ZHIT6,Paolini J.,Uchijima M.,,,ou,18.00,over,ft,1.607,7
WU6ZHIT6,Paolini J.,Uchijima M.,,,ou,18.00,under,ft,2.201,7
WU6ZHIT6,Paolini J.,Uchijima M.,,,ou,18.50,over,ft,1.759,10
WU6ZHIT6,Paolini J.,Uchijima M.,,,ou,18.50,under,ft,1.979,10
WU6ZHIT6,Paolini J.,Uchijima M.,,,ou,19.00,over,ft,1.913,7
WU6ZHIT6,Paolini J.,Uchijima M.,,,ou,19.00,under,ft,1.817,7
WU6ZHIT6,Paolini J.,Uchijima M.,,,ou,19.50,over,ft,2.022,10
WU6ZHIT6,Paolini J.,Uchijima M.,,,ou,19.50,under,ft,1.724,10
WU6ZHIT6,Paolini J.,Uchijima M.,,,ou,20.00,over,ft,2.282,4
WU6ZHIT6,Paolini J.,Uchijima M.,,,ou,20.00,under,ft,1.583,4
WU6ZHIT6,Paolini J.,Uchijima M.,,,ou,20.50,over,ft,2.314,7
WU6ZHIT6,Paolini J.,Uchijima M.,,,ou,20.50,under,ft,1.557,7
WU6ZHIT6,Paolini J.,Uchijima M.,,,ou,21.50,over,ft,2.64,4
WU6ZHIT6,Paolini J.,Uchijima M.,,,ou,21.50,under,ft,1.4,4
WU6ZHIT6,Paolini J.,Uchijima M.,,,ou,22.50,over,ft,2.85,1
WU6ZHIT6,Paolini J.,Uchijima M.,,,ou,22.50,under,ft,1.34,1
WU6ZHIT6,Paolini J.,Uchijima M.,,,hc,1.50,home,ft,1.05,8
WU6ZHIT6,Paolini J.,Uchijima M.,,,hc,1.50,away,ft,8.46,8
WU6ZHIT6,Paolini J.,Uchijima M.,,,hc,-1.50,home,ft,1.451,9
WU6ZHIT6,Paolini J.,Uchijima M.,,,hc,-1.50,away,ft,2.558,9
WU6ZHIT6,Paolini J.,Uchijima M.,,,hc,-3.50,home,ft,1.3,3
WU6ZHIT6,Paolini J.,Uchijima M.,,,hc,-3.50,away,ft,3.14,3
WU6ZHIT6,Paolini J.,Uchijima M.,,,hc,-4.00,home,ft,1.34,3
WU6ZHIT6,Paolini J.,Uchijima M.,,,hc,-4.00,away,ft,2.93,3
WU6ZHIT6,Paolini J.,Uchijima M.,,,hc,-4.50,home,ft,1.451,7
WU6ZHIT6,Paolini J.,Uchijima M.,,,hc,-4.50,away,ft,2.616,7
WU6ZHIT6,Paolini J.,Uchijima M.,,,hc,-5.00,home,ft,1.538,5
WU6ZHIT6,Paolini J.,Uchijima M.,,,hc,-5.00,away,ft,2.368,5
WU6ZHIT6,Paolini J.,Uchijima M.,,,hc,-5.50,home,ft,1.732,8
WU6ZHIT6,Paolini J.,Uchijima M.,,,hc,-5.50,away,ft,2.025,8
WU6ZHIT6,Paolini J.,Uchijima M.,,,hc,-6.00,home,ft,1.942,6
WU6ZHIT6,Paolini J.,Uchijima M.,,,hc,-6.00,away,ft,1.798,6
WU6ZHIT6,Paolini J.,Uchijima M.,,,hc,-6.50,home,ft,2.221,8
WU6ZHIT6,Paolini J.,Uchijima M.,,,hc,-6.50,away,ft,1.609,8
WU6ZHIT6,Paolini J.,Uchijima M.,,,hc,-7.00,home,ft,2.896,5
WU6ZHIT6,Paolini J.,Uchijima M.,,,hc,-7.00,away,ft,1.372,5
WU6ZHIT6,Paolini J.,Uchijima M.,,,hc,-7.50,home,ft,3.26,3
WU6ZHIT6,Paolini J.,Uchijima M.,,,hc,-7.50,away,ft,1.28,3
GEMrHdYj,Putintseva Y.,Andreescu B.,2,2,ou,2.50,over,ft,2.41,5
GEMrHdYj,Putintseva Y.,Andreescu B.,2,2,ou,2.50,under,ft,1.522,5
GEMrHdYj,Putintseva Y.,Andreescu B.,2,2,ou,16.50,over,ft,1.07,1
GEMrHdYj,Putintseva Y.,Andreescu B.,2,2,ou,16.50,under,ft,5.5,1
GEMrHdYj,Putintseva Y.,Andreescu B.,2,2,ou,17.50,over,ft,1.18,1
GEMrHdYj,Putintseva Y.,Andreescu B.,2,2,ou,17.50,under,ft,3.94,1
GEMrHdYj,Putintseva Y.,Andreescu B.,2,2,ou,18.50,over,ft,1.34,1
GEMrHdYj,Putintseva Y.,Andreescu B.,2,2,ou,18.50,under,ft,2.92,1
GEMrHdYj,Putintseva Y.,Andreescu B.,2,2,ou,19.50,over,ft,1.525,2
GEMrHdYj,Putintseva Y.,Andreescu B.,2,2,ou,19.50,under,ft,2.365,2
GEMrHdYj,Putintseva Y.,Andreescu B.,2,2,ou,20.00,over,ft,1.56,2
GEMrHdYj,Putintseva Y.,Andreescu B.,2,2,ou,20.00,under,ft,2.24,2
GEMrHdYj,Putintseva Y.,Andreescu B.,2,2,ou,20.50,over,ft,1.709,10
GEMrHdYj,Putintseva Y.,Andreescu B.,2,2,ou,20.50,under,ft,2.046,10
GEMrHdYj,Putintseva Y.,Andreescu B.,2,2,ou,20.75,over,ft,1.68,3
GEMrHdYj,Putintseva Y.,Andreescu B.,2,2,ou,20.75,under,ft,2.05,3
GEMrHdYj,Putintseva Y.,Andreescu B.,2,2,ou,21.00,over,ft,1.771,7
GEMrHdYj,Putintseva Y.,Andreescu B.,2,2,ou,21.00,under,ft,1.953,7
GEMrHdYj,Putintseva Y.,Andreescu B.,2,2,ou,21.25,over,ft,1.77,3
GEMrHdYj,Putintseva Y.,Andreescu B.,2,2,ou,21.25,under,ft,1.93,3
GEMrHdYj,Putintseva Y.,Andreescu B.,2,2,ou,21.50,over,ft,1.873,9
GEMrHdYj,Putintseva Y.,Andreescu B.,2,2,ou,21.50,under,ft,1.857,9
GEMrHdYj,Putintseva Y.,Andreescu B.,2,2,ou,21.75,over,ft,1.87,3
GEMrHdYj,Putintseva Y.,Andreescu B.,2,2,ou,21.75,under,ft,1.83,3
GEMrHdYj,Putintseva Y.,Andreescu B.,2,2,ou,22.00,over,ft,2.003,7
GEMrHdYj,Putintseva Y.,Andreescu B.,2,2,ou,22.00,under,ft,1.736,7
GEMrHdYj,Putintseva Y.,Andreescu B.,2,2,ou,22.25,over,ft,2.0,3
GEMrHdYj,Putintseva Y.,Andreescu B.,2,2,ou,22.25,under,ft,1.72,3
GEMrHdYj,Putintseva Y.,Andreescu B.,2,2,ou,22.50,over,ft,2.14,9
GEMrHdYj,Putintseva Y.,Andreescu B.,2,2,ou,22.50,under,ft,1.647,9
GEMrHdYj,Putintseva Y.,Andreescu B.,2,2,ou,22.75,over,ft,2.05,3
GEMrHdYj,Putintseva Y.,Andreescu B.,2,2,ou,22.75,under,ft,1.68,3
GEMrHdYj,Putintseva Y.,Andreescu B.,2,2,ou,23.00,over,ft,2.24,2
GEMrHdYj,Putintseva Y.,Andreescu B.,2,2,ou,23.00,under,ft,1.56,2
GEMrHdYj,Putintseva Y.,Andreescu B.,2,2,ou,23.50,over,ft,2.384,5
GEMrHdYj,Putintseva Y.,Andreescu B.,2,2,ou,23.50,under,ft,1.498,5
GEMrHdYj,Putintseva Y.,Andreescu B.,2,2,ou,24.50,over,ft,2.535,4
GEMrHdYj,Putintseva Y.,Andreescu B.,2,2,ou,24.50,under,ft,1.435,4
GEMrHdYj,Putintseva Y.,Andreescu B.,2,2,ou,25.50,over,ft,2.73,1
GEMrHdYj,Putintseva Y.,Andreescu B.,2,2,ou,25.50,under,ft,1.39,1
GEMrHdYj,Putintseva Y.,Andreescu B.,2,2,ou,26.50,over,ft,3.1,1
GEMrHdYj,Putintseva Y.,Andreescu B.,2,2,ou,26.50,under,ft,1.31,1
GEMrHdYj,Putintseva Y.,Andreescu B.,2,2,hc,1.50,home,ft,1.204,8
GEMrHdYj,Putintseva Y.,Andreescu B.,2,2,hc,1.50,away,ft,4.18,8
GEMrHdYj,Putintseva Y.,Andreescu B.,2,2,hc,-1.50,home,ft,2.176,9
GEMrHdYj,Putintseva Y.,Andreescu B.,2,2,hc,-1.50,away,ft,1.627,9
GEMrHdYj,Putintseva Y.,Andreescu B.,2,2,hc,0,home,ft,1.62,3
GEMrHdYj,Putintseva Y.,Andreescu B.,2,2,hc,0,away,ft,2.1,3
GEMrHdYj,Putintseva Y.,Andreescu B.,2,2,hc,0.50,home,ft,1.6,3
GEMrHdYj,Putintseva Y.,Andreescu B.,2,2,hc,0.50,away,ft,2.2,3
GEMrHdYj,Putintseva Y.,Andreescu B.,2,2,hc,-0.50,home,ft,1.562,5
GEMrHdYj,Putintseva Y.,Andreescu B.,2,2,hc,-0.50,away,ft,2.238,5
GEMrHdYj,Putintseva Y.,Andreescu B.,2,2,hc,-0.75,home,ft,1.7,3
GEMrHdYj,Putintseva Y.,Andreescu B.,2,2,hc,-0.75,away,ft,2.02,3
GEMrHdYj,Putintseva Y.,Andreescu B.,2,2,hc,-1.00,home,ft,1.6,4
GEMrHdYj,Putintseva Y.,Andreescu B.,2,2,hc,-1.00,away,ft,2.163,4
GEMrHdYj,Putintseva Y.,Andreescu B.,2,2,hc,-1.25,home,ft,1.75,3
GEMrHdYj,Putintseva Y.,Andreescu B.,2,2,hc,-1.25,away,ft,1.95,3
GEMrHdYj,Putintseva Y.,Andreescu B.,2,2,hc,1.50,home,ft,1.38,1
GEMrHdYj,Putintseva Y.,Andreescu B.,2,2,hc,1.50,away,ft,3.07,1
GEMrHdYj,Putintseva Y.,Andreescu B.,2,2,hc,-1.50,home,ft,1.629,8
GEMrHdYj,Putintseva Y.,Andreescu B.,2,2,hc,-1.50,away,ft,2.191,8
GEMrHdYj,Putintseva Y.,Andreescu B.,2,2,hc,-1.75,home,ft,1.82,3
GEMrHdYj,Putintseva Y.,Andreescu B.,2,2,hc,-1.75,away,ft,1.88,3
GEMrHdYj,Putintseva Y.,Andreescu B.,2,2,hc,-2.00,home,ft,1.637,6
GEMrHdYj,Putintseva Y.,Andreescu B.,2,2,hc,-2.00,away,ft,2.162,6
GEMrHdYj,Putintseva Y.,Andreescu B.,2,2,hc,-2.25,home,ft,1.9,3
GEMrHdYj,Putintseva Y.,Andreescu B.,2,2,hc,-2.25,away,ft,1.8,3
GEMrHdYj,Putintseva Y.,Andreescu B.,2,2,hc,-2.50,home,ft,1.705,8
GEMrHdYj,Putintseva Y.,Andreescu B.,2,2,hc,-2.50,away,ft,2.065,8
GEMrHdYj,Putintseva Y.,Andreescu B.,2,2,hc,-2.75,home,ft,2.0,3
GEMrHdYj,Putintseva Y.,Andreescu B.,2,2,hc,-2.75,away,ft,1.72,3
GEMrHdYj,Putintseva Y.,Andreescu B.,2,2,hc,-3.00,home,ft,1.82,6
GEMrHdYj,Putintseva Y.,Andreescu B.,2,2,hc,-3.00,away,ft,1.913,6
GEMrHdYj,Putintseva Y.,Andreescu B.,2,2,hc,-3.50,home,ft,1.931,8
GEMrHdYj,Putintseva Y.,Andreescu B.,2,2,hc,-3.50,away,ft,1.81,8
GEMrHdYj,Putintseva Y.,Andreescu B.,2,2,hc,-4.00,home,ft,2.182,6
GEMrHdYj,Putintseva Y.,Andreescu B.,2,2,hc,-4.00,away,ft,1.628,6
GEMrHdYj,Putintseva Y.,Andreescu B.,2,2,hc,-4.50,home,ft,2.351,7
GEMrHdYj,Putintseva Y.,Andreescu B.,2,2,hc,-4.50,away,ft,1.549,7
GEMrHdYj,Putintseva Y.,Andreescu B.,2,2,hc,-5.00,home,ft,2.84,3
GEMrHdYj,Putintseva Y.,Andreescu B.,2,2,hc,-5.00,away,ft,1.36,3
GEMrHdYj,Putintseva Y.,Andreescu B.,2,2,hc,-5.50,home,ft,3.105,4
GEMrHdYj,Putintseva Y.,Andreescu B.,2,2,hc,-5.50,away,ft,1.308,4
xpZP6FEE,Birrell K.,Stojsavljevic M.,,,ou,2.50,over,ft,2.574,5
xpZP6FEE,Birrell K.,Stojsavljevic M.,,,ou,2.50,under,ft,1.474,5
xpZP6FEE,Birrell K.,Stojsavljevic M.,,,ou,16.50,over,ft,1.11,1
xpZP6FEE,Birrell K.,Stojsavljevic M.,,,ou,16.50,under,ft,4.98,1
xpZP6FEE,Birrell K.,Stojsavljevic M.,,,ou,17.50,over,ft,1.23,1
xpZP6FEE,Birrell K.,Stojsavljevic M.,,,ou,17.50,under,ft,3.49,1
xpZP6FEE,Birrell K.,Stojsavljevic M.,,,ou,18.50,over,ft,1.425,2
xpZP6FEE,Birrell K.,Stojsavljevic M.,,,ou,18.50,under,ft,2.655,2
xpZP6FEE,Birrell K.,Stojsavljevic M.,,,ou,19.50,over,ft,1.599,9
xpZP6FEE,Birrell K.,Stojsavljevic M.,,,ou,19.50,under,ft,2.208,9
xpZP6FEE,Birrell K.,Stojsavljevic M.,,,ou,20.00,over,ft,1.677,7
xpZP6FEE,Birrell K.,Stojsavljevic M.,,,ou,20.00,under,ft,2.083,7
xpZP6FEE,Birrell K.,Stojsavljevic M.,,,ou,20.50,over,ft,1.812,9
xpZP6FEE,Birrell K.,Stojsavljevic M.,,,ou,20.50,under,ft,1.914,9
xpZP6FEE,Birrell K.,Stojsavljevic M.,,,ou,21.00,over,ft,1.899,7
xpZP6FEE,Birrell K.,Stojsavljevic M.,,,ou,21.00,under,ft,1.827,7
xpZP6FEE,Birrell K.,Stojsavljevic M.,,,ou,21.50,over,ft,1.991,9
xpZP6FEE,Birrell K.,Stojsavljevic M.,,,ou,21.50,under,ft,1.739,9
xpZP6FEE,Birrell K.,Stojsavljevic M.,,,ou,22.00,over,ft,2.138,4
xpZP6FEE,Birrell K.,Stojsavljevic M.,,,ou,22.00,under,ft,1.67,4
xpZP6FEE,Birrell K.,Stojsavljevic M.,,,ou,22.50,over,ft,2.287,6
xpZP6FEE,Birrell K.,Stojsavljevic M.,,,ou,22.50,under,ft,1.545,6
xpZP6FEE,Birrell K.,Stojsavljevic M.,,,ou,23.50,over,ft,2.534,5
xpZP6FEE,Birrell K.,Stojsavljevic M.,,,ou,23.50,under,ft,1.448,5
xpZP6FEE,Birrell K.,Stojsavljevic M.,,,ou,24.50,over,ft,2.538,4
xpZP6FEE,Birrell K.,Stojsavljevic M.,,,ou,24.50,under,ft,1.438,4
xpZP6FEE,Birrell K.,Stojsavljevic M.,,,ou,25.50,over,ft,2.85,1
xpZP6FEE,Birrell K.,Stojsavljevic M.,,,ou,25.50,under,ft,1.36,1
xpZP6FEE,Birrell K.,Stojsavljevic M.,,,ou,26.50,over,ft,3.33,1
xpZP6FEE,Birrell K.,Stojsavljevic M.,,,ou,26.50,under,ft,1.27,1
xpZP6FEE,Birrell K.,Stojsavljevic M.,,,hc,1.50,home,ft,1.177,8
xpZP6FEE,Birrell K.,Stojsavljevic M.,,,hc,1.50,away,ft,4.468,8
xpZP6FEE,Birrell K.,Stojsavljevic M.,,,hc,-1.50,home,ft,2.005,8
xpZP6FEE,Birrell K.,Stojsavljevic M.,,,hc,-1.50,away,ft,1.734,8
xpZP6FEE,Birrell K.,Stojsavljevic M.,,,hc,-1.50,home,ft,1.492,4
xpZP6FEE,Birrell K.,Stojsavljevic M.,,,hc,-1.50,away,ft,2.413,4
xpZP6FEE,Birrell K.,Stojsavljevic M.,,,hc,-2.00,home,ft,1.53,3
xpZP6FEE,Birrell K.,Stojsavljevic M.,,,hc,-2.00,away,ft,2.31,3
xpZP6FEE,Birrell K.,Stojsavljevic M.,,,hc,-2.50,home,ft,1.595,8
xpZP6FEE,Birrell K.,Stojsavljevic M.,,,hc,-2.50,away,ft,2.236,8
xpZP6FEE,Birrell K.,Stojsavljevic M.,,,hc,-3.00,home,ft,1.683,6
xpZP6FEE,Birrell K.,Stojsavljevic M.,,,hc,-3.00,away,ft,2.087,6
xpZP6FEE,Birrell K.,Stojsavljevic M.,,,hc,-3.50,home,ft,1.789,8
xpZP6FEE,Birrell K.,Stojsavljevic M.,,,hc,-3.50,away,ft,1.949,8
xpZP6FEE,Birrell K.,Stojsavljevic M.,,,hc,-4.00,home,ft,1.967,6
xpZP6FEE,Birrell K.,Stojsavljevic M.,,,hc,-4.00,away,ft,1.77,6
xpZP6FEE,Birrell K.,Stojsavljevic M.,,,hc,-4.50,home,ft,2.135,8
xpZP6FEE,Birrell K.,Stojsavljevic M.,,,hc,-4.50,away,ft,1.651,8
xpZP6FEE,Birrell K.,Stojsavljevic M.,,,hc,-5.00,home,ft,2.477,6
xpZP6FEE,Birrell K.,Stojsavljevic M.,,,hc,-5.00,away,ft,1.488,6
xpZP6FEE,Birrell K.,Stojsavljevic M.,,,hc,-5.50,home,ft,2.648,6
xpZP6FEE,Birrell K.,Stojsavljevic M.,,,hc,-5.50,away,ft,1.438,6
xpZP6FEE,Birrell K.,Stojsavljevic M.,,,hc,-6.00,home,ft,3.26,3
xpZP6FEE,Birrell K.,Stojsavljevic M.,,,hc,-6.00,away,ft,1.28,3
xpZP6FEE,Birrell K.,Stojsavljevic M.,,,hc,-6.50,home,ft,3.64,3
xpZP6FEE,Birrell K.,Stojsavljevic M.,,,hc,-6.50,away,ft,1.23,3
C6svqCM7,Gibson T.,Dart H.,,,ou,2.50,over,ft,2.74,5
C6svqCM7,Gibson T.,Dart H.,,,ou,2.50,under,ft,1.414,5
C6svqCM7,Gibson T.,Dart H.,,,ou,16.50,over,ft,1.14,1
C6svqCM7,Gibson T.,Dart H.,,,ou,16.50,under,ft,4.44,1
C6svqCM7,Gibson T.,Dart H.,,,ou,17.50,over,ft,1.3,2
C6svqCM7,Gibson T.,Dart H.,,,ou,17.50,under,ft,3.115,2
C6svqCM7,Gibson T.,Dart H.,,,ou,18.50,over,ft,1.485,2
C6svqCM7,Gibson T.,Dart H.,,,ou,18.50,under,ft,2.455,2
C6svqCM7,Gibson T.,Dart H.,,,ou,19.00,over,ft,1.565,4
C6svqCM7,Gibson T.,Dart H.,,,ou,19.00,under,ft,2.335,4
C6svqCM7,Gibson T.,Dart H.,,,ou,19.50,over,ft,1.67,9
C6svqCM7,Gibson T.,Dart H.,,,ou,19.50,under,ft,2.084,9
C6svqCM7,Gibson T.,Dart H.,,,ou,20.00,over,ft,1.771,7
C6svqCM7,Gibson T.,Dart H.,,,ou,20.00,under,ft,1.96,7
C6svqCM7,Gibson T.,Dart H.,,,ou,20.50,over,ft,1.897,9
C6svqCM7,Gibson T.,Dart H.,,,ou,20.50,under,ft,1.83,9
C6svqCM7,Gibson T.,Dart H.,,,ou,21.00,over,ft,2.007,7
C6svqCM7,Gibson T.,Dart H.,,,ou,21.00,under,ft,1.737,7
C6svqCM7,Gibson T.,Dart H.,,,ou,21.50,over,ft,2.099,9
C6svqCM7,Gibson T.,Dart H.,,,ou,21.50,under,ft,1.66,9
C6svqCM7,Gibson T.,Dart H.,,,ou,22.00,over,ft,2.167,4
C6svqCM7,Gibson T.,Dart H.,,,ou,22.00,under,ft,1.66,4
C6svqCM7,Gibson T.,Dart H.,,,ou,22.50,over,ft,2.4,6
C6svqCM7,Gibson T.,Dart H.,,,ou,22.50,under,ft,1.515,6
C6svqCM7,Gibson T.,Dart H.,,,ou,23.50,over,ft,2.696,5
C6svqCM7,Gibson T.,Dart H.,,,ou,23.50,under,ft,1.394,5
C6svqCM7,Gibson T.,Dart H.,,,ou,24.50,over,ft,2.835,2
C6svqCM7,Gibson T.,Dart H.,,,ou,24.50,under,ft,1.365,2
C6svqCM7,Gibson T.,Dart H.,,,ou,25.50,over,ft,3.12,1
C6svqCM7,Gibson T.,Dart H.,,,ou,25.50,under,ft,1.31,1
C6svqCM7,Gibson T.,Dart H.,,,ou,26.50,over,ft,3.43,1
C6svqCM7,Gibson T.,Dart H.,,,ou,26.50,under,ft,1.23,1
C6svqCM7,Gibson T.,Dart H.,,,hc,1.50,home,ft,1.134,8
C6svqCM7,Gibson T.,Dart H.,,,hc,1.50,away,ft,5.334,8
C6svqCM7,Gibson T.,Dart H.,,,hc,-1.50,home,ft,1.838,8
C6svqCM7,Gibson T.,Dart H.,,,hc,-1.50,away,ft,1.887,8
C6svqCM7,Gibson T.,Dart H.,,,hc,0.50,home,ft,1.3,1
C6svqCM7,Gibson T.,Dart H.,,,hc,0.50,away,ft,3.15,1
C6svqCM7,Gibson T.,Dart H.,,,hc,-0.50,home,ft,1.35,1
C6svqCM7,Gibson T.,Dart H.,,,hc,-0.50,away,ft,2.95,1
C6svqCM7,Gibson T.,Dart H.,,,hc,-1.50,home,ft,1.4,1
C6svqCM7,Gibson T.,Dart H.,,,hc,-1.50,away,ft,2.75,1
C6svqCM7,Gibson T.,Dart H.,,,hc,-2.50,home,ft,1.462,4
C6svqCM7,Gibson T.,Dart H.,,,hc,-2.50,away,ft,2.493,4
C6svqCM7,Gibson T.,Dart H.,,,hc,-3.00,home,ft,1.54,4
C6svqCM7,Gibson T.,Dart H.,,,hc,-3.00,away,ft,2.353,4
C6svqCM7,Gibson T.,Dart H.,,,hc,-3.50,home,ft,1.615,8
C6svqCM7,Gibson T.,Dart H.,,,hc,-3.50,away,ft,2.199,8
C6svqCM7,Gibson T.,Dart H.,,,hc,-4.00,home,ft,1.74,6
C6svqCM7,Gibson T.,Dart H.,,,hc,-4.00,away,ft,2.005,6
C6svqCM7,Gibson T.,Dart H.,,,hc,-4.50,home,ft,1.89,8
C6svqCM7,Gibson T.,Dart H.,,,hc,-4.50,away,ft,1.84,8
C6svqCM7,Gibson T.,Dart H.,,,hc,-5.00,home,ft,2.165,6
C6svqCM7,Gibson T.,Dart H.,,,hc,-5.00,away,ft,1.635,6
C6svqCM7,Gibson T.,Dart H.,,,hc,-5.50,home,ft,2.368,8
C6svqCM7,Gibson T.,Dart H.,,,hc,-5.50,away,ft,1.535,8
C6svqCM7,Gibson T.,Dart H.,,,hc,-6.00,home,ft,2.88,3
C6svqCM7,Gibson T.,Dart H.,,,hc,-6.00,away,ft,1.35,3
C6svqCM7,Gibson T.,Dart H.,,,hc,-6.50,home,ft,3.175,4
C6svqCM7,Gibson T.,Dart H.,,,hc,-6.50,away,ft,1.298,4
6sU5eNSk,Mertens E.,Kessler M.,,,ou,2.50,over,ft,2.65,5
6sU5eNSk,Mertens E.,Kessler M.,,,ou,2.50,under,ft,1.44,5
6sU5eNSk,Mertens E.,Kessler M.,,,ou,16.50,over,ft,1.13,1
6sU5eNSk,Mertens E.,Kessler M.,,,ou,16.50,under,ft,4.77,1
6sU5eNSk,Mertens E.,Kessler M.,,,ou,17.50,over,ft,1.27,1
6sU5eNSk,Mertens E.,Kessler M.,,,ou,17.50,under,ft,3.35,1
6sU5eNSk,Mertens E.,Kessler M.,,,ou,18.50,over,ft,1.44,2
6sU5eNSk,Mertens E.,Kessler M.,,,ou,18.50,under,ft,2.6,2
6sU5eNSk,Mertens E.,Kessler M.,,,ou,19.50,over,ft,1.647,9
6sU5eNSk,Mertens E.,Kessler M.,,,ou,19.50,under,ft,2.14,9
6sU5eNSk,Mertens E.,Kessler M.,,,ou,20.00,over,ft,1.741,7
6sU5eNSk,Mertens E.,Kessler M.,,,ou,20.00,under,ft,2.0,7
6sU5eNSk,Mertens E.,Kessler M.,,,ou,20.50,over,ft,1.863,10
6sU5eNSk,Mertens E.,Kessler M.,,,ou,20.50,under,ft,1.871,10
6sU5eNSk,Mertens E.,Kessler M.,,,ou,21.00,over,ft,1.96,7
6sU5eNSk,Mertens E.,Kessler M.,,,ou,21.00,under,ft,1.77,7
6sU5eNSk,Mertens E.,Kessler M.,,,ou,21.50,over,ft,2.062,9
6sU5eNSk,Mertens E.,Kessler M.,,,ou,21.50,under,ft,1.696,9
6sU5eNSk,Mertens E.,Kessler M.,,,ou,22.00,over,ft,2.183,4
6sU5eNSk,Mertens E.,Kessler M.,,,ou,22.00,under,ft,1.637,4
6sU5eNSk,Mertens E.,Kessler M.,,,ou,22.50,over,ft,2.343,7
6sU5eNSk,Mertens E.,Kessler M.,,,ou,22.50,under,ft,1.544,7
6sU5eNSk,Mertens E.,Kessler M.,,,ou,23.50,over,ft,2.65,5
6sU5eNSk,Mertens E.,Kessler M.,,,ou,23.50,under,ft,1.422,5
6sU5eNSk,Mertens E.,Kessler M.,,,ou,24.50,over,ft,2.63,1
6sU5eNSk,Mertens E.,Kessler M.,,,ou,24.50,under,ft,1.41,1
6sU5eNSk,Mertens E.,Kessler M.,,,ou,25.50,over,ft,2.97,1
6sU5eNSk,Mertens E.,Kessler M.,,,ou,25.50,under,ft,1.33,1
6sU5eNSk,Mertens E.,Kessler M.,,,ou,26.50,over,ft,3.3,1
6sU5eNSk,Mertens E.,Kessler M.,,,ou,26.50,under,ft,1.28,1
6sU5eNSk,Mertens E.,Kessler M.,,,hc,1.50,home,ft,1.123,8
6sU5eNSk,Mertens E.,Kessler M.,,,hc,1.50,away,ft,5.614,8
6sU5eNSk,Mertens E.,Kessler M.,,,hc,-1.50,home,ft,1.837,9
6sU5eNSk,Mertens E.,Kessler M.,,,hc,-1.50,away,ft,1.88,9
6sU5eNSk,Mertens E.,Kessler M.,,,hc,-1.50,home,ft,1.468,4
6sU5eNSk,Mertens E.,Kessler M.,,,hc,-1.50,away,ft,2.565,4
6sU5eNSk,Mertens E.,Kessler M.,,,hc,-2.00,home,ft,1.53,3
6sU5eNSk,Mertens E.,Kessler M.,,,hc,-2.00,away,ft,2.3,3
6sU5eNSk,Mertens E.,Kessler M.,,,hc,-2.50,home,ft,1.445,4
6sU5eNSk,Mertens E.,Kessler M.,,,hc,-2.50,away,ft,2.583,4
6sU5eNSk,Mertens E.,Kessler M.,,,hc,-3.00,home,ft,1.545,6
6sU5eNSk,Mertens E.,Kessler M.,,,hc,-3.00,away,ft,2.342,6
6sU5eNSk,Mertens E.,Kessler M.,,,hc,-3.50,home,ft,1.6,8
6sU5eNSk,Mertens E.,Kessler M.,,,hc,-3.50,away,ft,2.241,8
6sU5eNSk,Mertens E.,Kessler M.,,,hc,-4.00,home,ft,1.708,6
6sU5eNSk,Mertens E.,Kessler M.,,,hc,-4.00,away,ft,2.05,6
6sU5eNSk,Mertens E.,Kessler M.,,,hc,-4.50,home,ft,1.894,8
6sU5eNSk,Mertens E.,Kessler M.,,,hc,-4.50,away,ft,1.853,8
6sU5eNSk,Mertens E.,Kessler M.,,,hc,-5.00,home,ft,2.135,6
6sU5eNSk,Mertens E.,Kessler M.,,,hc,-5.00,away,ft,1.653,6
6sU5eNSk,Mertens E.,Kessler M.,,,hc,-5.50,home,ft,2.419,7
6sU5eNSk,Mertens E.,Kessler M.,,,hc,-5.50,away,ft,1.524,7
6sU5eNSk,Mertens E.,Kessler M.,,,hc,-6.00,home,ft,2.913,3
6sU5eNSk,Mertens E.,Kessler M.,,,hc,-6.00,away,ft,1.343,3
6sU5eNSk,Mertens E.,Kessler M.,,,hc,-6.50,home,ft,3.26,3
6sU5eNSk,Mertens E.,Kessler M.,,,hc,-6.50,away,ft,1.28,3
x4uQB1dB,Kawa K.,Svitolina E.,0,0,ou,2.50,over,ft,4.542,5
x4uQB1dB,Kawa K.,Svitolina E.,0,0,ou,2.50,under,ft,1.176,5
x4uQB1dB,Kawa K.,Svitolina E.,0,0,ou,13.50,under,ft,10.44,1
x4uQB1dB,Kawa K.,Svitolina E.,0,0,ou,14.50,over,ft,1.06,1
x4uQB1dB,Kawa K.,Svitolina E.,0,0,ou,14.50,under,ft,6.51,1
x4uQB1dB,Kawa K.,Svitolina E.,0,0,ou,15.50,over,ft,1.18,1
x4uQB1dB,Kawa K.,Svitolina E.,0,0,ou,15.50,under,ft,4.02,1
x4uQB1dB,Kawa K.,Svitolina E.,0,0,ou,16.50,over,ft,1.407,7
x4uQB1dB,Kawa K.,Svitolina E.,0,0,ou,16.50,under,ft,2.713,7
x4uQB1dB,Kawa K.,Svitolina E.,0,0,ou,17.00,over,ft,1.502,6
x4uQB1dB,Kawa K.,Svitolina E.,0,0,ou,17.00,under,ft,2.45,6
x4uQB1dB,Kawa K.,Svitolina E.,0,0,ou,17.50,over,ft,1.732,10
x4uQB1dB,Kawa K.,Svitolina E.,0,0,ou,17.50,under,ft,2.025,10
x4uQB1dB,Kawa K.,Svitolina E.,0,0,ou,18.00,over,ft,1.857,7
x4uQB1dB,Kawa K.,Svitolina E.,0,0,ou,18.00,under,ft,1.869,7
x4uQB1dB,Kawa K.,Svitolina E.,0,0,ou,18.50,over,ft,1.996,10
x4uQB1dB,Kawa K.,Svitolina E.,0,0,ou,18.50,under,ft,1.745,10
x4uQB1dB,Kawa K.,Svitolina E.,0,0,ou,19.00,over,ft,2.237,7
x4uQB1dB,Kawa K.,Svitolina E.,0,0,ou,19.00,under,ft,1.591,7
x4uQB1dB,Kawa K.,Svitolina E.,0,0,ou,19.50,over,ft,2.403,6
x4uQB1dB,Kawa K.,Svitolina E.,0,0,ou,19.50,under,ft,1.502,6
x4uQB1dB,Kawa K.,Svitolina E.,0,0,ou,20.50,over,ft,2.847,6
x4uQB1dB,Kawa K.,Svitolina E.,0,0,ou,20.50,under,ft,1.38,6
x4uQB1dB,Kawa K.,Svitolina E.,0,0,ou,21.50,over,ft,3.38,1
x4uQB1dB,Kawa K.,Svitolina E.,0,0,ou,21.50,under,ft,1.26,1
x4uQB1dB,Kawa K.,Svitolina E.,0,0,ou,22.50,over,ft,3.995,2
x4uQB1dB,Kawa K.,Svitolina E.,0,0,ou,22.50,under,ft,1.2,2
x4uQB1dB,Kawa K.,Svitolina E.,0,0,hc,1.50,home,ft,3.824,9
x4uQB1dB,Kawa K.,Svitolina E.,0,0,hc,1.50,away,ft,1.229,9
x4uQB1dB,Kawa K.,Svitolina E.,0,0,hc,-1.50,home,ft,18.69,2
x4uQB1dB,Kawa K.,Svitolina E.,0,0,hc,3.50,home,ft,5.62,1
x4uQB1dB,Kawa K.,Svitolina E.,0,0,hc,3.50,away,ft,1.13,1
x4uQB1dB,Kawa K.,Svitolina E.,0,0,hc,4.50,home,ft,3.64,3
x4uQB1dB,Kawa K.,Svitolina E.,0,0,hc,4.50,away,ft,1.23,3
x4uQB1dB,Kawa K.,Svitolina E.,0,0,hc,5.00,home,ft,3.26,3
x4uQB1dB,Kawa K.,Svitolina E.,0,0,hc,5.00,away,ft,1.28,3
x4uQB1dB,Kawa K.,Svitolina E.,0,0,hc,5.50,home,ft,2.597,7
x4uQB1dB,Kawa K.,Svitolina E.,0,0,hc,5.50,away,ft,1.46,7
x4uQB1dB,Kawa K.,Svitolina E.,0,0,hc,6.00,home,ft,2.267,6
x4uQB1dB,Kawa K.,Svitolina E.,0,0,hc,6.00,away,ft,1.582,6
x4uQB1dB,Kawa K.,Svitolina E.,0,0,hc,6.50,home,ft,1.899,8
x4uQB1dB,Kawa K.,Svitolina E.,0,0,hc,6.50,away,ft,1.845,8
x4uQB1dB,Kawa K.,Svitolina E.,0,0,hc,7.00,home,ft,1.608,6
x4uQB1dB,Kawa K.,Svitolina E.,0,0,hc,7.00,away,ft,2.218,6
x4uQB1dB,Kawa K.,Svitolina E.,0,0,hc,7.50,home,ft,1.44,7
x4uQB1dB,Kawa K.,Svitolina E.,0,0,hc,7.50,away,ft,2.653,7
x4uQB1dB,Kawa K.,Svitolina E.,0,0,hc,8.00,home,ft,1.25,3
x4uQB1dB,Kawa K.,Svitolina E.,0,0,hc,8.00,away,ft,3.48,3
x4uQB1dB,Kawa K.,Svitolina E.,0,0,hc,8.50,home,ft,1.193,3
x4uQB1dB,Kawa K.,Svitolina E.,0,0,hc,8.50,away,ft,4.027,3
vwTMofmB,Golubic V.,Noskova L.,0,0,ou,2.50,over,ft,2.89,5
vwTMofmB,Golubic V.,Noskova L.,0,0,ou,2.50,under,ft,1.388,5
vwTMofmB,Golubic V.,Noskova L.,0,0,ou,16.50,over,ft,1.135,2
vwTMofmB,Golubic V.,Noskova L.,0,0,ou,16.50,under,ft,5.03,2
vwTMofmB,Golubic V.,Noskova L.,0,0,ou,17.50,over,ft,1.29,1
vwTMofmB,Golubic V.,Noskova L.,0,0,ou,17.50,under,ft,3.23,1
vwTMofmB,Golubic V.,Noskova L.,0,0,ou,18.50,over,ft,1.473,3
vwTMofmB,Golubic V.,Noskova L.,0,0,ou,18.50,under,ft,2.543,3
vwTMofmB,Golubic V.,Noskova L.,0,0,ou,19.00,over,ft,1.49,1
vwTMofmB,Golubic V.,Noskova L.,0,0,ou,19.00,under,ft,2.26,1
vwTMofmB,Golubic V.,Noskova L.,0,0,ou,19.50,over,ft,1.677,9
vwTMofmB,Golubic V.,Noskova L.,0,0,ou,19.50,under,ft,2.081,9
vwTMofmB,Golubic V.,Noskova L.,0,0,ou,20.00,over,ft,1.784,7
vwTMofmB,Golubic V.,Noskova L.,0,0,ou,20.00,under,ft,1.946,7
vwTMofmB,Golubic V.,Noskova L.,0,0,ou,20.50,over,ft,1.915,10
vwTMofmB,Golubic V.,Noskova L.,0,0,ou,20.50,under,ft,1.814,10
vwTMofmB,Golubic V.,Noskova L.,0,0,ou,21.00,over,ft,2.029,7
vwTMofmB,Golubic V.,Noskova L.,0,0,ou,21.00,under,ft,1.72,7
vwTMofmB,Golubic V.,Noskova L.,0,0,ou,21.50,over,ft,2.134,9
vwTMofmB,Golubic V.,Noskova L.,0,0,ou,21.50,under,ft,1.642,9
vwTMofmB,Golubic V.,Noskova L.,0,0,ou,22.00,over,ft,2.27,2
vwTMofmB,Golubic V.,Noskova L.,0,0,ou,22.00,under,ft,1.55,2
vwTMofmB,Golubic V.,Noskova L.,0,0,ou,22.50,over,ft,2.482,6
vwTMofmB,Golubic V.,Noskova L.,0,0,ou,22.50,under,ft,1.473,6
vwTMofmB,Golubic V.,Noskova L.,0,0,ou,23.50,over,ft,2.75,5
vwTMofmB,Golubic V.,Noskova L.,0,0,ou,23.50,under,ft,1.382,5
vwTMofmB,Golubic V.,Noskova L.,0,0,ou,24.50,over,ft,2.897,3
vwTMofmB,Golubic V.,Noskova L.,0,0,ou,24.50,under,ft,1.363,3
vwTMofmB,Golubic V.,Noskova L.,0,0,ou,25.50,over,ft,3.175,2
vwTMofmB,Golubic V.,Noskova L.,0,0,ou,25.50,under,ft,1.3,2
vwTMofmB,Golubic V.,Noskova L.,0,0,ou,26.50,over,ft,3.37,1
vwTMofmB,Golubic V.,Noskova L.,0,0,ou,26.50,under,ft,1.22,1
vwTMofmB,Golubic V.,Noskova L.,0,0,hc,1.50,home,ft,2.23,9
vwTMofmB,Golubic V.,Noskova L.,0,0,hc,1.50,away,ft,1.594,9
vwTMofmB,Golubic V.,Noskova L.,0,0,hc,-1.50,home,ft,7.706,8
vwTMofmB,Golubic V.,Noskova L.,0,0,hc,-1.50,away,ft,1.062,8
vwTMofmB,Golubic V.,Noskova L.,0,0,hc,0.50,home,ft,4.15,1
vwTMofmB,Golubic V.,Noskova L.,0,0,hc,0.50,away,ft,1.19,1
vwTMofmB,Golubic V.,Noskova L.,0,0,hc,-0.50,home,ft,4.6,1
vwTMofmB,Golubic V.,Noskova L.,0,0,hc,-0.50,away,ft,1.16,1
vwTMofmB,Golubic V.,Noskova L.,0,0,hc,1.50,home,ft,3.83,2
vwTMofmB,Golubic V.,Noskova L.,0,0,hc,1.50,away,ft,1.235,2
vwTMofmB,Golubic V.,Noskova L.,0,0,hc,2.50,home,ft,3.243,4
vwTMofmB,Golubic V.,Noskova L.,0,0,hc,2.50,away,ft,1.292,4
vwTMofmB,Golubic V.,Noskova L.,0,0,hc,3.00,home,ft,3.04,3
vwTMofmB,Golubic V.,Noskova L.,0,0,hc,3.00,away,ft,1.32,3
vwTMofmB,Golubic V.,Noskova L.,0,0,hc,3.50,home,ft,2.653,6
vwTMofmB,Golubic V.,Noskova L.,0,0,hc,3.50,away,ft,1.432,6
vwTMofmB,Golubic V.,Noskova L.,0,0,hc,4.00,home,ft,2.412,5
vwTMofmB,Golubic V.,Noskova L.,0,0,hc,4.00,away,ft,1.52,5
vwTMofmB,Golubic V.,Noskova L.,0,0,hc,4.50,home,ft,2.07,8
vwTMofmB,Golubic V.,Noskova L.,0,0,hc,4.50,away,ft,1.695,8
vwTMofmB,Golubic V.,Noskova L.,0,0,hc,5.00,home,ft,1.822,6
vwTMofmB,Golubic V.,Noskova L.,0,0,hc,5.00,away,ft,1.912,6
vwTMofmB,Golubic V.,Noskova L.,0,0,hc,5.50,home,ft,1.615,8
vwTMofmB,Golubic V.,Noskova L.,0,0,hc,5.50,away,ft,2.197,8
vwTMofmB,Golubic V.,Noskova L.,0,0,hc,6.00,home,ft,1.432,5
vwTMofmB,Golubic V.,Noskova L.,0,0,hc,6.00,away,ft,2.678,5
vwTMofmB,Golubic V.,Noskova L.,0,0,hc,6.50,home,ft,1.333,4
vwTMofmB,Golubic V.,Noskova L.,0,0,hc,6.50,away,ft,3.06,4
vwTMofmB,Golubic V.,Noskova L.,0,0,hc,7.50,home,ft,1.15,1
vwTMofmB,Golubic V.,Noskova L.,0,0,hc,7.50,away,ft,5.17,1
rXUYtODd,Vandewinkel H.,Jovic I.,2,2,ou,2.50,over,ft,2.8,5
rXUYtODd,Vandewinkel H.,Jovic I.,2,2,ou,2.50,under,ft,1.4,5
rXUYtODd,Vandewinkel H.,Jovic I.,2,2,ou,15.50,over,ft,1.07,1
rXUYtODd,Vandewinkel H.,Jovic I.,2,2,ou,15.50,under,ft,5.83,1
rXUYtODd,Vandewinkel H.,Jovic I.,2,2,ou,16.50,over,ft,1.18,1
rXUYtODd,Vandewinkel H.,Jovic I.,2,2,ou,16.50,under,ft,4.04,1
rXUYtODd,Vandewinkel H.,Jovic I.,2,2,ou,17.50,over,ft,1.33,1
rXUYtODd,Vandewinkel H.,Jovic I.,2,2,ou,17.50,under,ft,3.0,1
rXUYtODd,Vandewinkel H.,Jovic I.,2,2,ou,18.50,over,ft,1.525,6
rXUYtODd,Vandewinkel H.,Jovic I.,2,2,ou,18.50,under,ft,2.343,6
rXUYtODd,Vandewinkel H.,Jovic I.,2,2,ou,19.00,over,ft,1.613,7
rXUYtODd,Vandewinkel H.,Jovic I.,2,2,ou,19.00,under,ft,2.199,7
rXUYtODd,Vandewinkel H.,Jovic I.,2,2,ou,19.50,over,ft,1.758,9
rXUYtODd,Vandewinkel H.,Jovic I.,2,2,ou,19.50,under,ft,1.989,9
rXUYtODd,Vandewinkel H.,Jovic I.,2,2,ou,20.00,over,ft,1.861,7
rXUYtODd,Vandewinkel H.,Jovic I.,2,2,ou,20.00,under,ft,1.864,7
rXUYtODd,Vandewinkel H.,Jovic I.,2,2,ou,20.50,over,ft,1.954,10
rXUYtODd,Vandewinkel H.,Jovic I.,2,2,ou,20.50,under,ft,1.778,10
rXUYtODd,Vandewinkel H.,Jovic I.,2,2,ou,21.00,over,ft,2.1,7
rXUYtODd,Vandewinkel H.,Jovic I.,2,2,ou,21.00,under,ft,1.667,7
rXUYtODd,Vandewinkel H.,Jovic I.,2,2,ou,21.50,over,ft,2.187,9
rXUYtODd,Vandewinkel H.,Jovic I.,2,2,ou,21.50,under,ft,1.62,9
rXUYtODd,Vandewinkel H.,Jovic I.,2,2,ou,22.00,over,ft,2.225,2
rXUYtODd,Vandewinkel H.,Jovic I.,2,2,ou,22.00,under,ft,1.54,2
rXUYtODd,Vandewinkel H.,Jovic I.,2,2,ou,22.50,over,ft,2.344,5
rXUYtODd,Vandewinkel H.,Jovic I.,2,2,ou,22.50,under,ft,1.526,5
rXUYtODd,Vandewinkel H.,Jovic I.,2,2,ou,23.50,over,ft,2.502,4
rXUYtODd,Vandewinkel H.,Jovic I.,2,2,ou,23.50,under,ft,1.445,4
rXUYtODd,Vandewinkel H.,Jovic I.,2,2,ou,24.50,over,ft,2.89,1
rXUYtODd,Vandewinkel H.,Jovic I.,2,2,ou,24.50,under,ft,1.35,1
rXUYtODd,Vandewinkel H.,Jovic I.,2,2,ou,25.50,over,ft,3.16,1
rXUYtODd,Vandewinkel H.,Jovic I.,2,2,ou,25.50,under,ft,1.3,1
rXUYtODd,Vandewinkel H.,Jovic I.,2,2,ou,26.50,over,ft,3.59,1
rXUYtODd,Vandewinkel H.,Jovic I.,2,2,ou,26.50,under,ft,1.2,1
rXUYtODd,Vandewinkel H.,Jovic I.,2,2,hc,1.50,home,ft,2.021,9
rXUYtODd,Vandewinkel H.,Jovic I.,2,2,hc,1.50,away,ft,1.723,9
rXUYtODd,Vandewinkel H.,Jovic I.,2,2,hc,-1.50,home,ft,5.96,8
rXUYtODd,Vandewinkel H.,Jovic I.,2,2,hc,-1.50,away,ft,1.105,8
rXUYtODd,Vandewinkel H.,Jovic I.,2,2,hc,2.50,home,ft,2.842,4
rXUYtODd,Vandewinkel H.,Jovic I.,2,2,hc,2.50,away,ft,1.377,4
rXUYtODd,Vandewinkel H.,Jovic I.,2,2,hc,3.00,home,ft,2.68,3
rXUYtODd,Vandewinkel H.,Jovic I.,2,2,hc,3.00,away,ft,1.4,3
rXUYtODd,Vandewinkel H.,Jovic I.,2,2,hc,3.50,home,ft,2.423,8
rXUYtODd,Vandewinkel H.,Jovic I.,2,2,hc,3.50,away,ft,1.52,8
rXUYtODd,Vandewinkel H.,Jovic I.,2,2,hc,4.00,home,ft,2.24,6
rXUYtODd,Vandewinkel H.,Jovic I.,2,2,hc,4.00,away,ft,1.595,6
rXUYtODd,Vandewinkel H.,Jovic I.,2,2,hc,4.50,home,ft,2.032,8
rXUYtODd,Vandewinkel H.,Jovic I.,2,2,hc,4.50,away,ft,1.728,8
rXUYtODd,Vandewinkel H.,Jovic I.,2,2,hc,5.00,home,ft,1.81,6
rXUYtODd,Vandewinkel H.,Jovic I.,2,2,hc,5.00,away,ft,1.927,6
rXUYtODd,Vandewinkel H.,Jovic I.,2,2,hc,5.50,home,ft,1.64,8
rXUYtODd,Vandewinkel H.,Jovic I.,2,2,hc,5.50,away,ft,2.17,8
rXUYtODd,Vandewinkel H.,Jovic I.,2,2,hc,6.00,home,ft,1.458,5
rXUYtODd,Vandewinkel H.,Jovic I.,2,2,hc,6.00,away,ft,2.588,5
rXUYtODd,Vandewinkel H.,Jovic I.,2,2,hc,6.50,home,ft,1.363,4
rXUYtODd,Vandewinkel H.,Jovic I.,2,2,hc,6.50,away,ft,2.902,4
UwxIDNRb,Linette M.,Kostyuk M.,0,0,ou,2.50,over,ft,2.65,5
UwxIDNRb,Linette M.,Kostyuk M.,0,0,ou,2.50,under,ft,1.448,5
UwxIDNRb,Linette M.,Kostyuk M.,0,0,ou,16.50,over,ft,1.11,1
UwxIDNRb,Linette M.,Kostyuk M.,0,0,ou,16.50,under,ft,5.01,1
UwxIDNRb,Linette M.,Kostyuk M.,0,0,ou,17.50,over,ft,1.26,1
UwxIDNRb,Linette M.,Kostyuk M.,0,0,ou,17.50,under,ft,3.44,1
UwxIDNRb,Linette M.,Kostyuk M.,0,0,ou,18.50,over,ft,1.433,3
UwxIDNRb,Linette M.,Kostyuk M.,0,0,ou,18.50,under,ft,2.673,3
UwxIDNRb,Linette M.,Kostyuk M.,0,0,ou,19.50,over,ft,1.612,9
UwxIDNRb,Linette M.,Kostyuk M.,0,0,ou,19.50,under,ft,2.202,9
UwxIDNRb,Linette M.,Kostyuk M.,0,0,ou,20.00,over,ft,1.707,7
UwxIDNRb,Linette M.,Kostyuk M.,0,0,ou,20.00,under,ft,2.046,7
UwxIDNRb,Linette M.,Kostyuk M.,0,0,ou,20.50,over,ft,1.821,10
UwxIDNRb,Linette M.,Kostyuk M.,0,0,ou,20.50,under,ft,1.908,10
UwxIDNRb,Linette M.,Kostyuk M.,0,0,ou,21.00,over,ft,1.914,7
UwxIDNRb,Linette M.,Kostyuk M.,0,0,ou,21.00,under,ft,1.804,7
UwxIDNRb,Linette M.,Kostyuk M.,0,0,ou,21.50,over,ft,2.013,10
UwxIDNRb,Linette M.,Kostyuk M.,0,0,ou,21.50,under,ft,1.73,10
UwxIDNRb,Linette M.,Kostyuk M.,0,0,ou,22.00,over,ft,2.163,4
UwxIDNRb,Linette M.,Kostyuk M.,0,0,ou,22.00,under,ft,1.645,4
UwxIDNRb,Linette M.,Kostyuk M.,0,0,ou,22.50,over,ft,2.261,8
UwxIDNRb,Linette M.,Kostyuk M.,0,0,ou,22.50,under,ft,1.569,8
UwxIDNRb,Linette M.,Kostyuk M.,0,0,ou,23.50,over,ft,2.498,5
UwxIDNRb,Linette M.,Kostyuk M.,0,0,ou,23.50,under,ft,1.462,5
UwxIDNRb,Linette M.,Kostyuk M.,0,0,ou,24.50,over,ft,2.65,5
UwxIDNRb,Linette M.,Kostyuk M.,0,0,ou,24.50,under,ft,1.416,5
UwxIDNRb,Linette M.,Kostyuk M.,0,0,ou,25.50,over,ft,2.92,1
UwxIDNRb,Linette M.,Kostyuk M.,0,0,ou,25.50,under,ft,1.34,1
UwxIDNRb,Linette M.,Kostyuk M.,0,0,ou,26.50,over,ft,3.18,1
UwxIDNRb,Linette M.,Kostyuk M.,0,0,ou,26.50,under,ft,1.25,1
UwxIDNRb,Linette M.,Kostyuk M.,0,0,hc,1.50,home,ft,1.808,9
UwxIDNRb,Linette M.,Kostyuk M.,0,0,hc,1.50,away,ft,1.914,9
UwxIDNRb,Linette M.,Kostyuk M.,0,0,hc,-1.50,home,ft,5.046,8
UwxIDNRb,Linette M.,Kostyuk M.,0,0,hc,-1.50,away,ft,1.145,8
UwxIDNRb,Linette M.,Kostyuk M.,0,0,hc,1.50,home,ft,2.688,5
UwxIDNRb,Linette M.,Kostyuk M.,0,0,hc,1.50,away,ft,1.428,5
UwxIDNRb,Linette M.,Kostyuk M.,0,0,hc,-1.50,home,ft,3.82,1
UwxIDNRb,Linette M.,Kostyuk M.,0,0,hc,-1.50,away,ft,1.25,1
UwxIDNRb,Linette M.,Kostyuk M.,0,0,hc,2.00,home,ft,2.35,4
UwxIDNRb,Linette M.,Kostyuk M.,0,0,hc,2.00,away,ft,1.505,4
UwxIDNRb,Linette M.,Kostyuk M.,0,0,hc,2.50,home,ft,2.337,8
UwxIDNRb,Linette M.,Kostyuk M.,0,0,hc,2.50,away,ft,1.556,8
UwxIDNRb,Linette M.,Kostyuk M.,0,0,hc,3.00,home,ft,2.283,6
UwxIDNRb,Linette M.,Kostyuk M.,0,0,hc,3.00,away,ft,1.575,6
UwxIDNRb,Linette M.,Kostyuk M.,0,0,hc,3.50,home,ft,2.111,8
UwxIDNRb,Linette M.,Kostyuk M.,0,0,hc,3.50,away,ft,1.671,8
UwxIDNRb,Linette M.,Kostyuk M.,0,0,hc,4.00,home,ft,1.917,6
UwxIDNRb,Linette M.,Kostyuk M.,0,0,hc,4.00,away,ft,1.817,6
UwxIDNRb,Linette M.,Kostyuk M.,0,0,hc,4.50,home,ft,1.751,8
UwxIDNRb,Linette M.,Kostyuk M.,0,0,hc,4.50,away,ft,2.009,8
UwxIDNRb,Linette M.,Kostyuk M.,0,0,hc,5.00,home,ft,1.576,5
UwxIDNRb,Linette M.,Kostyuk M.,0,0,hc,5.00,away,ft,2.288,5
UwxIDNRb,Linette M.,Kostyuk M.,0,0,hc,5.50,home,ft,1.478,5
UwxIDNRb,Linette M.,Kostyuk M.,0,0,hc,5.50,away,ft,2.516,5
UwxIDNRb,Linette M.,Kostyuk M.,0,0,hc,6.00,home,ft,1.3,3
UwxIDNRb,Linette M.,Kostyuk M.,0,0,hc,6.00,away,ft,3.14,3
UwxIDNRb,Linette M.,Kostyuk M.,0,0,hc,6.50,home,ft,1.25,3
UwxIDNRb,Linette M.,Kostyuk M.,0,0,hc,6.50,away,ft,3.48,3
GY6zdMyB,Erjavec V.,Romero Gormaz L.,2,2,ou,2.50,over,ft,2.494,5
GY6zdMyB,Erjavec V.,Romero Gormaz L.,2,2,ou,2.50,under,ft,1.5,5
GY6zdMyB,Erjavec V.,Romero Gormaz L.,2,2,ou,16.50,over,ft,1.11,1
GY6zdMyB,Erjavec V.,Romero Gormaz L.,2,2,ou,16.50,under,ft,4.67,1
GY6zdMyB,Erjavec V.,Romero Gormaz L.,2,2,ou,17.50,over,ft,1.2,1
GY6zdMyB,Erjavec V.,Romero Gormaz L.,2,2,ou,17.50,under,ft,3.72,1
GY6zdMyB,Erjavec V.,Romero Gormaz L.,2,2,ou,18.50,over,ft,1.383,3
GY6zdMyB,Erjavec V.,Romero Gormaz L.,2,2,ou,18.50,under,ft,2.847,3
GY6zdMyB,Erjavec V.,Romero Gormaz L.,2,2,ou,19.50,over,ft,1.557,6
GY6zdMyB,Erjavec V.,Romero Gormaz L.,2,2,ou,19.50,under,ft,2.257,6
GY6zdMyB,Erjavec V.,Romero Gormaz L.,2,2,ou,20.00,over,ft,1.644,7
GY6zdMyB,Erjavec V.,Romero Gormaz L.,2,2,ou,20.00,under,ft,2.143,7
GY6zdMyB,Erjavec V.,Romero Gormaz L.,2,2,ou,20.50,over,ft,1.77,10
GY6zdMyB,Erjavec V.,Romero Gormaz L.,2,2,ou,20.50,under,ft,1.964,10
GY6zdMyB,Erjavec V.,Romero Gormaz L.,2,2,ou,21.00,over,ft,1.849,7
GY6zdMyB,Erjavec V.,Romero Gormaz L.,2,2,ou,21.00,under,ft,1.879,7
GY6zdMyB,Erjavec V.,Romero Gormaz L.,2,2,ou,21.50,over,ft,1.929,10
GY6zdMyB,Erjavec V.,Romero Gormaz L.,2,2,ou,21.50,under,ft,1.792,10
GY6zdMyB,Erjavec V.,Romero Gormaz L.,2,2,ou,22.00,over,ft,2.077,7
GY6zdMyB,Erjavec V.,Romero Gormaz L.,2,2,ou,22.00,under,ft,1.683,7
GY6zdMyB,Erjavec V.,Romero Gormaz L.,2,2,ou,22.50,over,ft,2.189,8
GY6zdMyB,Erjavec V.,Romero Gormaz L.,2,2,ou,22.50,under,ft,1.6,8
GY6zdMyB,Erjavec V.,Romero Gormaz L.,2,2,ou,23.00,over,ft,2.285,2
GY6zdMyB,Erjavec V.,Romero Gormaz L.,2,2,ou,23.00,under,ft,1.55,2
GY6zdMyB,Erjavec V.,Romero Gormaz L.,2,2,ou,23.50,over,ft,2.648,5
GY6zdMyB,Erjavec V.,Romero Gormaz L.,2,2,ou,23.50,under,ft,1.424,5
GY6zdMyB,Erjavec V.,Romero Gormaz L.,2,2,ou,24.50,over,ft,2.858,5
GY6zdMyB,Erjavec V.,Romero Gormaz L.,2,2,ou,24.50,under,ft,1.372,5
GY6zdMyB,Erjavec V.,Romero Gormaz L.,2,2,ou,25.50,over,ft,2.75,1
GY6zdMyB,Erjavec V.,Romero Gormaz L.,2,2,ou,25.50,under,ft,1.38,1
GY6zdMyB,Erjavec V.,Romero Gormaz L.,2,2,ou,26.50,over,ft,3.21,1
GY6zdMyB,Erjavec V.,Romero Gormaz L.,2,2,ou,26.50,under,ft,1.29,1
GY6zdMyB,Erjavec V.,Romero Gormaz L.,2,2,hc,1.50,home,ft,1.225,8
GY6zdMyB,Erjavec V.,Romero Gormaz L.,2,2,hc,1.50,away,ft,3.901,8
GY6zdMyB,Erjavec V.,Romero Gormaz L.,2,2,hc,-1.50,home,ft,2.259,9
GY6zdMyB,Erjavec V.,Romero Gormaz L.,2,2,hc,-1.50,away,ft,1.58,9
GY6zdMyB,Erjavec V.,Romero Gormaz L.,2,2,hc,-0.50,home,ft,1.586,5
GY6zdMyB,Erjavec V.,Romero Gormaz L.,2,2,hc,-0.50,away,ft,2.202,5
GY6zdMyB,Erjavec V.,Romero Gormaz L.,2,2,hc,-1.00,home,ft,1.585,4
GY6zdMyB,Erjavec V.,Romero Gormaz L.,2,2,hc,-1.00,away,ft,2.198,4
GY6zdMyB,Erjavec V.,Romero Gormaz L.,2,2,hc,1.50,home,ft,1.43,1
GY6zdMyB,Erjavec V.,Romero Gormaz L.,2,2,hc,1.50,away,ft,2.75,1
GY6zdMyB,Erjavec V.,Romero Gormaz L.,2,2,hc,-1.50,home,ft,1.636,8
GY6zdMyB,Erjavec V.,Romero Gormaz L.,2,2,hc,-1.50,away,ft,2.149,8
GY6zdMyB,Erjavec V.,Romero Gormaz L.,2,2,hc,-2.00,home,ft,1.673,6
GY6zdMyB,Erjavec V.,Romero Gormaz L.,2,2,hc,-2.00,away,ft,2.098,6
GY6zdMyB,Erjavec V.,Romero Gormaz L.,2,2,hc,-2.50,home,ft,1.742,8
GY6zdMyB,Erjavec V.,Romero Gormaz L.,2,2,hc,-2.50,away,ft,1.998,8
GY6zdMyB,Erjavec V.,Romero Gormaz L.,2,2,hc,-3.00,home,ft,1.847,6
GY6zdMyB,Erjavec V.,Romero Gormaz L.,2,2,hc,-3.00,away,ft,1.888,6
GY6zdMyB,Erjavec V.,Romero Gormaz L.,2,2,hc,-3.50,home,ft,1.955,8
GY6zdMyB,Erjavec V.,Romero Gormaz L.,2,2,hc,-3.50,away,ft,1.776,8
GY6zdMyB,Erjavec V.,Romero Gormaz L.,2,2,hc,-4.00,home,ft,2.168,6
GY6zdMyB,Erjavec V.,Romero Gormaz L.,2,2,hc,-4.00,away,ft,1.635,6
GY6zdMyB,Erjavec V.,Romero Gormaz L.,2,2,hc,-4.50,home,ft,2.326,5
GY6zdMyB,Erjavec V.,Romero Gormaz L.,2,2,hc,-4.50,away,ft,1.542,5
GY6zdMyB,Erjavec V.,Romero Gormaz L.,2,2,hc,-5.00,home,ft,2.64,3
GY6zdMyB,Erjavec V.,Romero Gormaz L.,2,2,hc,-5.00,away,ft,1.41,3
GY6zdMyB,Erjavec V.,Romero Gormaz L.,2,2,hc,-5.50,home,ft,3.006,5
GY6zdMyB,Erjavec V.,Romero Gormaz L.,2,2,hc,-5.50,away,ft,1.348,5
f74lRM6K,Paolini J.,Sakatsume H.,2,2,ou,2.50,over,ft,4.106,5
f74lRM6K,Paolini J.,Sakatsume H.,2,2,ou,2.50,under,ft,1.212,5
f74lRM6K,Paolini J.,Sakatsume H.,2,2,ou,13.50,over,ft,1.02,1
f74lRM6K,Paolini J.,Sakatsume H.,2,2,ou,13.50,under,ft,9.47,1
f74lRM6K,Paolini J.,Sakatsume H.,2,2,ou,14.50,over,ft,1.07,1
f74lRM6K,Paolini J.,Sakatsume H.,2,2,ou,14.50,under,ft,5.92,1
f74lRM6K,Paolini J.,Sakatsume H.,2,2,ou,15.50,over,ft,1.2,1
f74lRM6K,Paolini J.,Sakatsume H.,2,2,ou,15.50,under,ft,3.85,1
f74lRM6K,Paolini J.,Sakatsume H.,2,2,ou,16.50,over,ft,1.422,4
f74lRM6K,Paolini J.,Sakatsume H.,2,2,ou,16.50,under,ft,2.712,4
f74lRM6K,Paolini J.,Sakatsume H.,2,2,ou,17.00,over,ft,1.523,3
f74lRM6K,Paolini J.,Sakatsume H.,2,2,ou,17.00,under,ft,2.47,3
f74lRM6K,Paolini J.,Sakatsume H.,2,2,ou,17.50,over,ft,1.699,9
f74lRM6K,Paolini J.,Sakatsume H.,2,2,ou,17.50,under,ft,2.054,9
f74lRM6K,Paolini J.,Sakatsume H.,2,2,ou,18.00,over,ft,1.851,7
f74lRM6K,Paolini J.,Sakatsume H.,2,2,ou,18.00,under,ft,1.874,7
f74lRM6K,Paolini J.,Sakatsume H.,2,2,ou,18.50,over,ft,1.993,10
f74lRM6K,Paolini J.,Sakatsume H.,2,2,ou,18.50,under,ft,1.753,10
f74lRM6K,Paolini J.,Sakatsume H.,2,2,ou,19.00,over,ft,2.229,7
f74lRM6K,Paolini J.,Sakatsume H.,2,2,ou,19.00,under,ft,1.6,7
f74lRM6K,Paolini J.,Sakatsume H.,2,2,ou,19.50,over,ft,2.288,9
f74lRM6K,Paolini J.,Sakatsume H.,2,2,ou,19.50,under,ft,1.554,9
f74lRM6K,Paolini J.,Sakatsume H.,2,2,ou,20.50,over,ft,2.546,5
f74lRM6K,Paolini J.,Sakatsume H.,2,2,ou,20.50,under,ft,1.442,5
f74lRM6K,Paolini J.,Sakatsume H.,2,2,ou,21.50,over,ft,2.88,4
f74lRM6K,Paolini J.,Sakatsume H.,2,2,ou,21.50,under,ft,1.35,4
f74lRM6K,Paolini J.,Sakatsume H.,2,2,ou,22.50,over,ft,3.61,1
f74lRM6K,Paolini J.,Sakatsume H.,2,2,ou,22.50,under,ft,1.22,1
f74lRM6K,Paolini J.,Sakatsume H.,2,2,ou,23.50,over,ft,3.02,1
f74lRM6K,Paolini J.,Sakatsume H.,2,2,ou,23.50,under,ft,1.24,1
f74lRM6K,Paolini J.,Sakatsume H.,2,2,hc,1.50,home,ft,1.043,3
f74lRM6K,Paolini J.,Sakatsume H.,2,2,hc,1.50,away,ft,11.931,8
f74lRM6K,Paolini J.,Sakatsume H.,2,2,hc,-1.50,home,ft,1.293,9
f74lRM6K,Paolini J.,Sakatsume H.,2,2,hc,-1.50,away,ft,3.32,9
f74lRM6K,Paolini J.,Sakatsume H.,2,2,hc,-4.50,home,ft,1.29,3
f74lRM6K,Paolini J.,Sakatsume H.,2,2,hc,-4.50,away,ft,3.24,3
f74lRM6K,Paolini J.,Sakatsume H.,2,2,hc,-5.00,home,ft,1.376,5
f74lRM6K,Paolini J.,Sakatsume H.,2,2,hc,-5.00,away,ft,2.888,5
f74lRM6K,Paolini J.,Sakatsume H.,2,2,hc,-5.50,home,ft,1.49,8
f74lRM6K,Paolini J.,Sakatsume H.,2,2,hc,-5.50,away,ft,2.474,8
f74lRM6K,Paolini J.,Sakatsume H.,2,2,hc,-6.00,home,ft,1.627,6
f74lRM6K,Paolini J.,Sakatsume H.,2,2,hc,-6.00,away,ft,2.192,6
f74lRM6K,Paolini J.,Sakatsume H.,2,2,hc,-6.50,home,ft,1.851,8
f74lRM6K,Paolini J.,Sakatsume H.,2,2,hc,-6.50,away,ft,1.879,8
f74lRM6K,Paolini J.,Sakatsume H.,2,2,hc,-7.00,home,ft,2.253,6
f74lRM6K,Paolini J.,Sakatsume H.,2,2,hc,-7.00,away,ft,1.588,6
f74lRM6K,Paolini J.,Sakatsume H.,2,2,hc,-7.50,home,ft,2.65,7
f74lRM6K,Paolini J.,Sakatsume H.,2,2,hc,-7.50,away,ft,1.436,7
f74lRM6K,Paolini J.,Sakatsume H.,2,2,hc,-8.00,home,ft,3.64,3
f74lRM6K,Paolini J.,Sakatsume H.,2,2,hc,-8.00,away,ft,1.23,3
f74lRM6K,Paolini J.,Sakatsume H.,2,2,hc,-8.50,home,ft,4.15,3
f74lRM6K,Paolini J.,Sakatsume H.,2,2,hc,-8.50,away,ft,1.18,3
SzJ5OvtH,Zhiyenbayeva S.,Andreescu B.,0,0,ou,2.50,over,ft,7.408,5
SzJ5OvtH,Zhiyenbayeva S.,Andreescu B.,0,0,ou,2.50,under,ft,1.078,5
SzJ5OvtH,Zhiyenbayeva S.,Andreescu B.,0,0,ou,12.50,under,ft,10.2,1
SzJ5OvtH,Zhiyenbayeva S.,Andreescu B.,0,0,ou,13.50,over,ft,1.08,1
SzJ5OvtH,Zhiyenbayeva S.,Andreescu B.,0,0,ou,13.50,under,ft,5.62,1
SzJ5OvtH,Zhiyenbayeva S.,Andreescu B.,0,0,ou,14.50,over,ft,1.283,6
SzJ5OvtH,Zhiyenbayeva S.,Andreescu B.,0,0,ou,14.50,under,ft,3.312,6
SzJ5OvtH,Zhiyenbayeva S.,Andreescu B.,0,0,ou,15.00,over,ft,1.39,6
SzJ5OvtH,Zhiyenbayeva S.,Andreescu B.,0,0,ou,15.00,under,ft,2.82,6
SzJ5OvtH,Zhiyenbayeva S.,Andreescu B.,0,0,ou,15.50,over,ft,1.646,10
SzJ5OvtH,Zhiyenbayeva S.,Andreescu B.,0,0,ou,15.50,under,ft,2.14,10
SzJ5OvtH,Zhiyenbayeva S.,Andreescu B.,0,0,ou,16.00,over,ft,1.893,7
SzJ5OvtH,Zhiyenbayeva S.,Andreescu B.,0,0,ou,16.00,under,ft,1.834,7
SzJ5OvtH,Zhiyenbayeva S.,Andreescu B.,0,0,ou,16.50,over,ft,2.183,9
SzJ5OvtH,Zhiyenbayeva S.,Andreescu B.,0,0,ou,16.50,under,ft,1.616,9
SzJ5OvtH,Zhiyenbayeva S.,Andreescu B.,0,0,ou,17.00,over,ft,2.538,6
SzJ5OvtH,Zhiyenbayeva S.,Andreescu B.,0,0,ou,17.00,under,ft,1.472,6
SzJ5OvtH,Zhiyenbayeva S.,Andreescu B.,0,0,ou,17.50,over,ft,2.69,7
SzJ5OvtH,Zhiyenbayeva S.,Andreescu B.,0,0,ou,17.50,under,ft,1.426,7
SzJ5OvtH,Zhiyenbayeva S.,Andreescu B.,0,0,ou,18.50,over,ft,4.03,2
SzJ5OvtH,Zhiyenbayeva S.,Andreescu B.,0,0,ou,18.50,under,ft,1.22,2
SzJ5OvtH,Zhiyenbayeva S.,Andreescu B.,0,0,ou,19.50,over,ft,4.16,1
SzJ5OvtH,Zhiyenbayeva S.,Andreescu B.,0,0,ou,19.50,under,ft,1.17,1
SzJ5OvtH,Zhiyenbayeva S.,Andreescu B.,0,0,ou,20.50,over,ft,4.87,1
SzJ5OvtH,Zhiyenbayeva S.,Andreescu B.,0,0,ou,20.50,under,ft,1.11,1
SzJ5OvtH,Zhiyenbayeva S.,Andreescu B.,0,0,ou,21.50,over,ft,4.325,2
SzJ5OvtH,Zhiyenbayeva S.,Andreescu B.,0,0,ou,21.50,under,ft,1.14,2
SzJ5OvtH,Zhiyenbayeva S.,Andreescu B.,0,0,ou,22.50,over,ft,4.81,2
SzJ5OvtH,Zhiyenbayeva S.,Andreescu B.,0,0,ou,22.50,under,ft,1.11,2
SzJ5OvtH,Zhiyenbayeva S.,Andreescu B.,0,0,hc,1.50,home,ft,6.631,9
SzJ5OvtH,Zhiyenbayeva S.,Andreescu B.,0,0,hc,1.50,away,ft,1.081,9
SzJ5OvtH,Zhiyenbayeva S.,Andreescu B.,0,0,hc,-1.50,home,ft,30.99,2
SzJ5OvtH,Zhiyenbayeva S.,Andreescu B.,0,0,hc,10.50,home,ft,1.073,3
SzJ5OvtH,Zhiyenbayeva S.,Andreescu B.,0,0,hc,10.50,away,ft,6.45,3
SzJ5OvtH,Zhiyenbayeva S.,Andreescu B.,0,0,hc,5.50,home,ft,5.15,3
SzJ5OvtH,Zhiyenbayeva S.,Andreescu B.,0,0,hc,5.50,away,ft,1.12,3
SzJ5OvtH,Zhiyenbayeva S.,Andreescu B.,0,0,hc,6.00,home,ft,4.7,3
SzJ5OvtH,Zhiyenbayeva S.,Andreescu B.,0,0,hc,6.00,away,ft,1.15,3
SzJ5OvtH,Zhiyenbayeva S.,Andreescu B.,0,0,hc,6.50,home,ft,3.64,4
SzJ5OvtH,Zhiyenbayeva S.,Andreescu B.,0,0,hc,6.50,away,ft,1.245,4
SzJ5OvtH,Zhiyenbayeva S.,Andreescu B.,0,0,hc,7.00,home,ft,3.014,5
SzJ5OvtH,Zhiyenbayeva S.,Andreescu B.,0,0,hc,7.00,away,ft,1.352,5
SzJ5OvtH,Zhiyenbayeva S.,Andreescu B.,0,0,hc,7.50,home,ft,2.324,8
SzJ5OvtH,Zhiyenbayeva S.,Andreescu B.,0,0,hc,7.50,away,ft,1.554,8
SzJ5OvtH,Zhiyenbayeva S.,Andreescu B.,0,0,hc,8.00,home,ft,1.973,6
SzJ5OvtH,Zhiyenbayeva S.,Andreescu B.,0,0,hc,8.00,away,ft,1.772,6
SzJ5OvtH,Zhiyenbayeva S.,Andreescu B.,0,0,hc,8.50,home,ft,1.673,7
SzJ5OvtH,Zhiyenbayeva S.,Andreescu B.,0,0,hc,8.50,away,ft,2.123,7
SzJ5OvtH,Zhiyenbayeva S.,Andreescu B.,0,0,hc,9.00,home,ft,1.402,5
SzJ5OvtH,Zhiyenbayeva S.,Andreescu B.,0,0,hc,9.00,away,ft,2.786,5
SzJ5OvtH,Zhiyenbayeva S.,Andreescu B.,0,0,hc,9.50,home,ft,1.292,5
SzJ5OvtH,Zhiyenbayeva S.,Andreescu B.,0,0,hc,9.50,away,ft,3.292,5
SzJ5OvtH,Zhiyenbayeva S.,Andreescu B.,0,0,hc,10.00,home,ft,1.1,3
SzJ5OvtH,Zhiyenbayeva S.,Andreescu B.,0,0,hc,10.00,away,ft,5.7,3
baR6kxln,Bencic B.,Bouzkova M.,2,2,ou,2.50,over,ft,3.04,5
baR6kxln,Bencic B.,Bouzkova M.,2,2,ou,2.50,under,ft,1.354,5
baR6kxln,Bencic B.,Bouzkova M.,2,2,ou,15.50,over,ft,1.07,1
baR6kxln,Bencic B.,Bouzkova M.,2,2,ou,15.50,under,ft,5.82,1
baR6kxln,Bencic B.,Bouzkova M.,2,2,ou,16.50,over,ft,1.19,1
baR6kxln,Bencic B.,Bouzkova M.,2,2,ou,16.50,under,ft,3.86,1
baR6kxln,Bencic B.,Bouzkova M.,2,2,ou,17.50,over,ft,1.385,2
baR6kxln,Bencic B.,Bouzkova M.,2,2,ou,17.50,under,ft,2.835,2
baR6kxln,Bencic B.,Bouzkova M.,2,2,ou,18.50,over,ft,1.583,9
baR6kxln,Bencic B.,Bouzkova M.,2,2,ou,18.50,under,ft,2.247,9
baR6kxln,Bencic B.,Bouzkova M.,2,2,ou,19.00,over,ft,1.697,7
baR6kxln,Bencic B.,Bouzkova M.,2,2,ou,19.00,under,ft,2.059,7
baR6kxln,Bencic B.,Bouzkova M.,2,2,ou,19.50,over,ft,1.839,10
baR6kxln,Bencic B.,Bouzkova M.,2,2,ou,19.50,under,ft,1.889,10
baR6kxln,Bencic B.,Bouzkova M.,2,2,ou,20.00,over,ft,1.964,7
baR6kxln,Bencic B.,Bouzkova M.,2,2,ou,20.00,under,ft,1.767,7
baR6kxln,Bencic B.,Bouzkova M.,2,2,ou,20.50,over,ft,2.068,10
baR6kxln,Bencic B.,Bouzkova M.,2,2,ou,20.50,under,ft,1.683,10
baR6kxln,Bencic B.,Bouzkova M.,2,2,ou,21.00,over,ft,2.138,5
baR6kxln,Bencic B.,Bouzkova M.,2,2,ou,21.00,under,ft,1.618,5
baR6kxln,Bencic B.,Bouzkova M.,2,2,ou,21.50,over,ft,2.194,5
baR6kxln,Bencic B.,Bouzkova M.,2,2,ou,21.50,under,ft,1.584,5
baR6kxln,Bencic B.,Bouzkova M.,2,2,ou,22.50,over,ft,2.53,4
baR6kxln,Bencic B.,Bouzkova M.,2,2,ou,22.50,under,ft,1.44,4
baR6kxln,Bencic B.,Bouzkova M.,2,2,ou,23.50,over,ft,2.855,4
baR6kxln,Bencic B.,Bouzkova M.,2,2,ou,23.50,under,ft,1.348,4
baR6kxln,Bencic B.,Bouzkova M.,2,2,ou,24.50,over,ft,2.99,1
baR6kxln,Bencic B.,Bouzkova M.,2,2,ou,24.50,under,ft,1.33,1
baR6kxln,Bencic B.,Bouzkova M.,2,2,ou,25.50,over,ft,3.4,1
baR6kxln,Bencic B.,Bouzkova M.,2,2,ou,25.50,under,ft,1.22,1
baR6kxln,Bencic B.,Bouzkova M.,2,2,hc,1.50,home,ft,1.075,8
baR6kxln,Bencic B.,Bouzkova M.,2,2,hc,1.50,away,ft,7.258,8
baR6kxln,Bencic B.,Bouzkova M.,2,2,hc,-1.50,home,ft,1.593,9
baR6kxln,Bencic B.,Bouzkova M.,2,2,hc,-1.50,away,ft,2.241,9
baR6kxln,Bencic B.,Bouzkova M.,2,2,hc,-2.50,home,ft,1.37,3
baR6kxln,Bencic B.,Bouzkova M.,2,2,hc,-2.50,away,ft,2.8,3
baR6kxln,Bencic B.,Bouzkova M.,2,2,hc,-3.00,home,ft,1.41,3
baR6kxln,Bencic B.,Bouzkova M.,2,2,hc,-3.00,away,ft,2.64,3
baR6kxln,Bencic B.,Bouzkova M.,2,2,hc,-3.50,home,ft,1.41,3
baR6kxln,Bencic B.,Bouzkova M.,2,2,hc,-3.50,away,ft,2.64,3
baR6kxln,Bencic B.,Bouzkova M.,2,2,hc,-4.00,home,ft,1.49,5
baR6kxln,Bencic B.,Bouzkova M.,2,2,hc,-4.00,away,ft,2.5,5
baR6kxln,Bencic B.,Bouzkova M.,2,2,hc,-4.50,home,ft,1.625,8
baR6kxln,Bencic B.,Bouzkova M.,2,2,hc,-4.50,away,ft,2.179,8
baR6kxln,Bencic B.,Bouzkova M.,2,2,hc,-5.00,home,ft,1.8,6
baR6kxln,Bencic B.,Bouzkova M.,2,2,hc,-5.00,away,ft,1.938,6
baR6kxln,Bencic B.,Bouzkova M.,2,2,hc,-5.50,home,ft,2.0,8
baR6kxln,Bencic B.,Bouzkova M.,2,2,hc,-5.50,away,ft,1.74,8
baR6kxln,Bencic B.,Bouzkova M.,2,2,hc,-6.00,home,ft,2.412,5
baR6kxln,Bencic B.,Bouzkova M.,2,2,hc,-6.00,away,ft,1.524,5
baR6kxln,Bencic B.,Bouzkova M.,2,2,hc,-6.50,home,ft,2.62,4
baR6kxln,Bencic B.,Bouzkova M.,2,2,hc,-6.50,away,ft,1.422,4
baR6kxln,Bencic B.,Bouzkova M.,2,2,hc,-7.00,home,ft,3.48,3
baR6kxln,Bencic B.,Bouzkova M.,2,2,hc,-7.00,away,ft,1.25,3
baR6kxln,Bencic B.,Bouzkova M.,2,2,hc,-7.50,home,ft,3.84,3
baR6kxln,Bencic B.,Bouzkova M.,2,2,hc,-7.50,away,ft,1.21,3
ze5Ka4xn,Zidansek T.,Quevedo K.,,,ou,2.50,over,ft,2.546,5
ze5Ka4xn,Zidansek T.,Quevedo K.,,,ou,2.50,under,ft,1.482,5
ze5Ka4xn,Zidansek T.,Quevedo K.,,,ou,16.50,over,ft,1.12,1
ze5Ka4xn,Zidansek T.,Quevedo K.,,,ou,16.50,under,ft,4.86,1
ze5Ka4xn,Zidansek T.,Quevedo K.,,,ou,17.50,over,ft,1.23,1
ze5Ka4xn,Zidansek T.,Quevedo K.,,,ou,17.50,under,ft,3.46,1
ze5Ka4xn,Zidansek T.,Quevedo K.,,,ou,18.50,over,ft,1.41,2
ze5Ka4xn,Zidansek T.,Quevedo K.,,,ou,18.50,under,ft,2.72,2
ze5Ka4xn,Zidansek T.,Quevedo K.,,,ou,19.50,over,ft,1.602,9
ze5Ka4xn,Zidansek T.,Quevedo K.,,,ou,19.50,under,ft,2.209,9
ze5Ka4xn,Zidansek T.,Quevedo K.,,,ou,20.00,over,ft,1.701,7
ze5Ka4xn,Zidansek T.,Quevedo K.,,,ou,20.00,under,ft,2.053,7
ze5Ka4xn,Zidansek T.,Quevedo K.,,,ou,20.50,over,ft,1.823,10
ze5Ka4xn,Zidansek T.,Quevedo K.,,,ou,20.50,under,ft,1.903,10
ze5Ka4xn,Zidansek T.,Quevedo K.,,,ou,21.00,over,ft,1.914,7
ze5Ka4xn,Zidansek T.,Quevedo K.,,,ou,21.00,under,ft,1.81,7
ze5Ka4xn,Zidansek T.,Quevedo K.,,,ou,21.50,over,ft,1.996,9
ze5Ka4xn,Zidansek T.,Quevedo K.,,,ou,21.50,under,ft,1.736,9
ze5Ka4xn,Zidansek T.,Quevedo K.,,,ou,22.00,over,ft,2.175,4
ze5Ka4xn,Zidansek T.,Quevedo K.,,,ou,22.00,under,ft,1.64,4
ze5Ka4xn,Zidansek T.,Quevedo K.,,,ou,22.50,over,ft,2.237,6
ze5Ka4xn,Zidansek T.,Quevedo K.,,,ou,22.50,under,ft,1.563,6
ze5Ka4xn,Zidansek T.,Quevedo K.,,,ou,23.50,over,ft,2.46,5
ze5Ka4xn,Zidansek T.,Quevedo K.,,,ou,23.50,under,ft,1.47,5
ze5Ka4xn,Zidansek T.,Quevedo K.,,,ou,24.50,over,ft,2.643,4
ze5Ka4xn,Zidansek T.,Quevedo K.,,,ou,24.50,under,ft,1.402,4
ze5Ka4xn,Zidansek T.,Quevedo K.,,,ou,25.50,over,ft,2.82,1
ze5Ka4xn,Zidansek T.,Quevedo K.,,,ou,25.50,under,ft,1.37,1
ze5Ka4xn,Zidansek T.,Quevedo K.,,,ou,26.50,over,ft,3.24,1
ze5Ka4xn,Zidansek T.,Quevedo K.,,,ou,26.50,under,ft,1.28,1
ze5Ka4xn,Zidansek T.,Quevedo K.,,,hc,1.50,home,ft,1.157,8
ze5Ka4xn,Zidansek T.,Quevedo K.,,,hc,1.50,away,ft,4.777,8
ze5Ka4xn,Zidansek T.,Quevedo K.,,,hc,-1.50,home,ft,1.984,9
ze5Ka4xn,Zidansek T.,Quevedo K.,,,hc,-1.50,away,ft,1.75,9
ze5Ka4xn,Zidansek T.,Quevedo K.,,,hc,-1.50,home,ft,1.44,3
ze5Ka4xn,Zidansek T.,Quevedo K.,,,hc,-1.50,away,ft,2.55,3
ze5Ka4xn,Zidansek T.,Quevedo K.,,,hc,-2.00,home,ft,1.47,3
ze5Ka4xn,Zidansek T.,Quevedo K.,,,hc,-2.00,away,ft,2.46,3
ze5Ka4xn,Zidansek T.,Quevedo K.,,,hc,-2.50,home,ft,1.542,6
ze5Ka4xn,Zidansek T.,Quevedo K.,,,hc,-2.50,away,ft,2.298,6
ze5Ka4xn,Zidansek T.,Quevedo K.,,,hc,-3.00,home,ft,1.627,6
ze5Ka4xn,Zidansek T.,Quevedo K.,,,hc,-3.00,away,ft,2.18,6
ze5Ka4xn,Zidansek T.,Quevedo K.,,,hc,-3.50,home,ft,1.724,8
ze5Ka4xn,Zidansek T.,Quevedo K.,,,hc,-3.50,away,ft,2.02,8
ze5Ka4xn,Zidansek T.,Quevedo K.,,,hc,-4.00,home,ft,1.888,6
ze5Ka4xn,Zidansek T.,Quevedo K.,,,hc,-4.00,away,ft,1.847,6
ze5Ka4xn,Zidansek T.,Quevedo K.,,,hc,-4.50,home,ft,2.066,8
ze5Ka4xn,Zidansek T.,Quevedo K.,,,hc,-4.50,away,ft,1.695,8
ze5Ka4xn,Zidansek T.,Quevedo K.,,,hc,-5.00,home,ft,2.372,5
ze5Ka4xn,Zidansek T.,Quevedo K.,,,hc,-5.00,away,ft,1.54,5
ze5Ka4xn,Zidansek T.,Quevedo K.,,,hc,-5.50,home,ft,2.55,3
ze5Ka4xn,Zidansek T.,Quevedo K.,,,hc,-5.50,away,ft,1.44,3
ze5Ka4xn,Zidansek T.,Quevedo K.,,,hc,-6.00,home,ft,3.14,3
ze5Ka4xn,Zidansek T.,Quevedo K.,,,hc,-6.00,away,ft,1.3,3
ze5Ka4xn,Zidansek T.,Quevedo K.,,,hc,-6.50,home,ft,3.48,3
ze5Ka4xn,Zidansek T.,Quevedo K.,,,hc,-6.50,away,ft,1.25,3
2DH23JED,Cocciaretto E.,Uchijima M.,2,2,ou,2.50,over,ft,2.688,5
2DH23JED,Cocciaretto E.,Uchijima M.,2,2,ou,2.50,under,ft,1.438,5
2DH23JED,Cocciaretto E.,Uchijima M.,2,2,ou,16.50,over,ft,1.14,1
2DH23JED,Cocciaretto E.,Uchijima M.,2,2,ou,16.50,under,ft,4.51,1
2DH23JED,Cocciaretto E.,Uchijima M.,2,2,ou,17.50,over,ft,1.305,2
2DH23JED,Cocciaretto E.,Uchijima M.,2,2,ou,17.50,under,ft,3.245,2
2DH23JED,Cocciaretto E.,Uchijima M.,2,2,ou,18.50,over,ft,1.47,2
2DH23JED,Cocciaretto E.,Uchijima M.,2,2,ou,18.50,under,ft,2.5,2
2DH23JED,Cocciaretto E.,Uchijima M.,2,2,ou,19.00,over,ft,1.565,4
2DH23JED,Cocciaretto E.,Uchijima M.,2,2,ou,19.00,under,ft,2.335,4
2DH23JED,Cocciaretto E.,Uchijima M.,2,2,ou,19.50,over,ft,1.669,9
2DH23JED,Cocciaretto E.,Uchijima M.,2,2,ou,19.50,under,ft,2.091,9
2DH23JED,Cocciaretto E.,Uchijima M.,2,2,ou,20.00,over,ft,1.779,7
2DH23JED,Cocciaretto E.,Uchijima M.,2,2,ou,20.00,under,ft,1.953,7
2DH23JED,Cocciaretto E.,Uchijima M.,2,2,ou,20.50,over,ft,1.885,10
2DH23JED,Cocciaretto E.,Uchijima M.,2,2,ou,20.50,under,ft,1.842,10
2DH23JED,Cocciaretto E.,Uchijima M.,2,2,ou,21.00,over,ft,2.006,7
2DH23JED,Cocciaretto E.,Uchijima M.,2,2,ou,21.00,under,ft,1.736,7
2DH23JED,Cocciaretto E.,Uchijima M.,2,2,ou,21.50,over,ft,2.062,10
2DH23JED,Cocciaretto E.,Uchijima M.,2,2,ou,21.50,under,ft,1.692,10
2DH23JED,Cocciaretto E.,Uchijima M.,2,2,ou,22.00,over,ft,2.1,5
2DH23JED,Cocciaretto E.,Uchijima M.,2,2,ou,22.00,under,ft,1.644,5
2DH23JED,Cocciaretto E.,Uchijima M.,2,2,ou,22.50,over,ft,2.208,5
2DH23JED,Cocciaretto E.,Uchijima M.,2,2,ou,22.50,under,ft,1.586,5
2DH23JED,Cocciaretto E.,Uchijima M.,2,2,ou,23.50,over,ft,2.462,4
2DH23JED,Cocciaretto E.,Uchijima M.,2,2,ou,23.50,under,ft,1.465,4
2DH23JED,Cocciaretto E.,Uchijima M.,2,2,ou,24.50,over,ft,2.612,4
2DH23JED,Cocciaretto E.,Uchijima M.,2,2,ou,24.50,under,ft,1.412,4
2DH23JED,Cocciaretto E.,Uchijima M.,2,2,ou,25.50,over,ft,3.0,1
2DH23JED,Cocciaretto E.,Uchijima M.,2,2,ou,25.50,under,ft,1.33,1
2DH23JED,Cocciaretto E.,Uchijima M.,2,2,hc,1.50,home,ft,1.12,8
2DH23JED,Cocciaretto E.,Uchijima M.,2,2,hc,1.50,away,ft,5.585,8
2DH23JED,Cocciaretto E.,Uchijima M.,2,2,hc,-1.50,home,ft,1.817,9
2DH23JED,Cocciaretto E.,Uchijima M.,2,2,hc,-1.50,away,ft,1.907,9
2DH23JED,Cocciaretto E.,Uchijima M.,2,2,hc,-1.50,home,ft,1.46,3
2DH23JED,Cocciaretto E.,Uchijima M.,2,2,hc,-1.50,away,ft,2.49,3
2DH23JED,Cocciaretto E.,Uchijima M.,2,2,hc,-2.00,home,ft,1.49,3
2DH23JED,Cocciaretto E.,Uchijima M.,2,2,hc,-2.00,away,ft,2.4,3
2DH23JED,Cocciaretto E.,Uchijima M.,2,2,hc,-2.50,home,ft,1.43,3
2DH23JED,Cocciaretto E.,Uchijima M.,2,2,hc,-2.50,away,ft,2.58,3
2DH23JED,Cocciaretto E.,Uchijima M.,2,2,hc,-3.00,home,ft,1.48,3
2DH23JED,Cocciaretto E.,Uchijima M.,2,2,hc,-3.00,away,ft,2.43,3
2DH23JED,Cocciaretto E.,Uchijima M.,2,2,hc,-3.50,home,ft,1.59,8
2DH23JED,Cocciaretto E.,Uchijima M.,2,2,hc,-3.50,away,ft,2.236,8
2DH23JED,Cocciaretto E.,Uchijima M.,2,2,hc,-4.00,home,ft,1.695,6
2DH23JED,Cocciaretto E.,Uchijima M.,2,2,hc,-4.00,away,ft,2.068,6
2DH23JED,Cocciaretto E.,Uchijima M.,2,2,hc,-4.50,home,ft,1.857,8
2DH23JED,Cocciaretto E.,Uchijima M.,2,2,hc,-4.50,away,ft,1.871,8
2DH23JED,Cocciaretto E.,Uchijima M.,2,2,hc,-5.00,home,ft,2.1,6
2DH23JED,Cocciaretto E.,Uchijima M.,2,2,hc,-5.00,away,ft,1.675,6
2DH23JED,Cocciaretto E.,Uchijima M.,2,2,hc,-5.50,home,ft,2.351,8
2DH23JED,Cocciaretto E.,Uchijima M.,2,2,hc,-5.50,away,ft,1.54,8
2DH23JED,Cocciaretto E.,Uchijima M.,2,2,hc,-6.00,home,ft,2.83,3
2DH23JED,Cocciaretto E.,Uchijima M.,2,2,hc,-6.00,away,ft,1.36,3
2DH23JED,Cocciaretto E.,Uchijima M.,2,2,hc,-6.50,home,ft,3.14,3
2DH23JED,Cocciaretto E.,Uchijima M.,2,2,hc,-6.50,away,ft,1.3,3
KAFcQ0B4,Putintseva Y.,Cross K.,2,2,ou,2.50,over,ft,3.794,5
KAFcQ0B4,Putintseva Y.,Cross K.,2,2,ou,2.50,under,ft,1.238,5
KAFcQ0B4,Putintseva Y.,Cross K.,2,2,ou,14.50,over,ft,1.04,1
KAFcQ0B4,Putintseva Y.,Cross K.,2,2,ou,14.50,under,ft,7.33,1
KAFcQ0B4,Putintseva Y.,Cross K.,2,2,ou,15.50,over,ft,1.14,1
KAFcQ0B4,Putintseva Y.,Cross K.,2,2,ou,15.50,under,ft,4.62,1
KAFcQ0B4,Putintseva Y.,Cross K.,2,2,ou,16.50,over,ft,1.35,3
KAFcQ0B4,Putintseva Y.,Cross K.,2,2,ou,16.50,under,ft,2.997,3
KAFcQ0B4,Putintseva Y.,Cross K.,2,2,ou,17.50,over,ft,1.573,9
KAFcQ0B4,Putintseva Y.,Cross K.,2,2,ou,17.50,under,ft,2.277,9
KAFcQ0B4,Putintseva Y.,Cross K.,2,2,ou,18.00,over,ft,1.699,7
KAFcQ0B4,Putintseva Y.,Cross K.,2,2,ou,18.00,under,ft,2.057,7
KAFcQ0B4,Putintseva Y.,Cross K.,2,2,ou,18.50,over,ft,1.857,10
KAFcQ0B4,Putintseva Y.,Cross K.,2,2,ou,18.50,under,ft,1.871,10
KAFcQ0B4,Putintseva Y.,Cross K.,2,2,ou,19.00,over,ft,2.023,7
KAFcQ0B4,Putintseva Y.,Cross K.,2,2,ou,19.00,under,ft,1.724,7
KAFcQ0B4,Putintseva Y.,Cross K.,2,2,ou,19.50,over,ft,2.182,9
KAFcQ0B4,Putintseva Y.,Cross K.,2,2,ou,19.50,under,ft,1.62,9
KAFcQ0B4,Putintseva Y.,Cross K.,2,2,ou,20.00,over,ft,2.32,1
KAFcQ0B4,Putintseva Y.,Cross K.,2,2,ou,20.00,under,ft,1.46,1
KAFcQ0B4,Putintseva Y.,Cross K.,2,2,ou,20.50,over,ft,2.472,6
KAFcQ0B4,Putintseva Y.,Cross K.,2,2,ou,20.50,under,ft,1.483,6
KAFcQ0B4,Putintseva Y.,Cross K.,2,2,ou,21.50,over,ft,2.794,5
KAFcQ0B4,Putintseva Y.,Cross K.,2,2,ou,21.50,under,ft,1.382,5
KAFcQ0B4,Putintseva Y.,Cross K.,2,2,ou,22.50,over,ft,3.365,2
KAFcQ0B4,Putintseva Y.,Cross K.,2,2,ou,22.50,under,ft,1.285,2
KAFcQ0B4,Putintseva Y.,Cross K.,2,2,hc,1.50,home,ft,1.03,5
KAFcQ0B4,Putintseva Y.,Cross K.,2,2,hc,1.50,away,ft,11.591,8
KAFcQ0B4,Putintseva Y.,Cross K.,2,2,hc,-1.50,home,ft,1.34,9
KAFcQ0B4,Putintseva Y.,Cross K.,2,2,hc,-1.50,away,ft,3.047,9
KAFcQ0B4,Putintseva Y.,Cross K.,2,2,hc,-3.50,home,ft,1.2,1
KAFcQ0B4,Putintseva Y.,Cross K.,2,2,hc,-3.50,away,ft,4.42,1
KAFcQ0B4,Putintseva Y.,Cross K.,2,2,hc,-4.50,home,ft,1.338,4
KAFcQ0B4,Putintseva Y.,Cross K.,2,2,hc,-4.50,away,ft,3.03,4
KAFcQ0B4,Putintseva Y.,Cross K.,2,2,hc,-5.00,home,ft,1.408,5
KAFcQ0B4,Putintseva Y.,Cross K.,2,2,hc,-5.00,away,ft,2.766,5
KAFcQ0B4,Putintseva Y.,Cross K.,2,2,hc,-5.50,home,ft,1.586,8
KAFcQ0B4,Putintseva Y.,Cross K.,2,2,hc,-5.50,away,ft,2.261,8
KAFcQ0B4,Putintseva Y.,Cross K.,2,2,hc,-6.00,home,ft,1.77,6
KAFcQ0B4,Putintseva Y.,Cross K.,2,2,hc,-6.00,away,ft,1.977,6
KAFcQ0B4,Putintseva Y.,Cross K.,2,2,hc,-6.50,home,ft,2.041,8
KAFcQ0B4,Putintseva Y.,Cross K.,2,2,hc,-6.50,away,ft,1.725,8
KAFcQ0B4,Putintseva Y.,Cross K.,2,2,hc,-7.00,home,ft,2.486,5
KAFcQ0B4,Putintseva Y.,Cross K.,2,2,hc,-7.00,away,ft,1.494,5
KAFcQ0B4,Putintseva Y.,Cross K.,2,2,hc,-7.50,home,ft,2.904,7
KAFcQ0B4,Putintseva Y.,Cross K.,2,2,hc,-7.50,away,ft,1.376,7
KAFcQ0B4,Putintseva Y.,Cross K.,2,2,hc,-8.00,home,ft,3.94,3
KAFcQ0B4,Putintseva Y.,Cross K.,2,2,hc,-8.00,away,ft,1.2,3
KAFcQ0B4,Putintseva Y.,Cross K.,2,2,hc,-8.50,home,ft,4.45,3
KAFcQ0B4,Putintseva Y.,Cross K.,2,2,hc,-8.50,away,ft,1.16,3
E90jYf8k,Birrell K.,Dart H.,1,1,ou,2.50,over,ft,2.592,5
E90jYf8k,Birrell K.,Dart H.,1,1,ou,2.50,under,ft,1.462,5
E90jYf8k,Birrell K.,Dart H.,1,1,ou,16.50,over,ft,1.145,2
E90jYf8k,Birrell K.,Dart H.,1,1,ou,16.50,under,ft,4.905,2
E90jYf8k,Birrell K.,Dart H.,1,1,ou,17.50,over,ft,1.295,2
E90jYf8k,Birrell K.,Dart H.,1,1,ou,17.50,under,ft,3.225,2
E90jYf8k,Birrell K.,Dart H.,1,1,ou,18.50,over,ft,1.45,3
E90jYf8k,Birrell K.,Dart H.,1,1,ou,18.50,under,ft,2.57,3
E90jYf8k,Birrell K.,Dart H.,1,1,ou,19.00,over,ft,1.575,4
E90jYf8k,Birrell K.,Dart H.,1,1,ou,19.00,under,ft,2.28,4
E90jYf8k,Birrell K.,Dart H.,1,1,ou,19.50,over,ft,1.656,9
E90jYf8k,Birrell K.,Dart H.,1,1,ou,19.50,under,ft,2.104,9
E90jYf8k,Birrell K.,Dart H.,1,1,ou,20.00,over,ft,1.767,7
E90jYf8k,Birrell K.,Dart H.,1,1,ou,20.00,under,ft,1.966,7
E90jYf8k,Birrell K.,Dart H.,1,1,ou,20.50,over,ft,1.884,10
E90jYf8k,Birrell K.,Dart H.,1,1,ou,20.50,under,ft,1.832,10
E90jYf8k,Birrell K.,Dart H.,1,1,ou,21.00,over,ft,2.001,7
E90jYf8k,Birrell K.,Dart H.,1,1,ou,21.00,under,ft,1.739,7
E90jYf8k,Birrell K.,Dart H.,1,1,ou,21.50,over,ft,2.093,9
E90jYf8k,Birrell K.,Dart H.,1,1,ou,21.50,under,ft,1.663,9
E90jYf8k,Birrell K.,Dart H.,1,1,ou,22.00,over,ft,2.225,2
E90jYf8k,Birrell K.,Dart H.,1,1,ou,22.00,under,ft,1.56,2
E90jYf8k,Birrell K.,Dart H.,1,1,ou,22.50,over,ft,2.39,6
E90jYf8k,Birrell K.,Dart H.,1,1,ou,22.50,under,ft,1.502,6
E90jYf8k,Birrell K.,Dart H.,1,1,ou,23.50,over,ft,2.65,5
E90jYf8k,Birrell K.,Dart H.,1,1,ou,23.50,under,ft,1.408,5
E90jYf8k,Birrell K.,Dart H.,1,1,ou,24.50,over,ft,2.733,3
E90jYf8k,Birrell K.,Dart H.,1,1,ou,24.50,under,ft,1.407,3
E90jYf8k,Birrell K.,Dart H.,1,1,ou,25.50,over,ft,3.06,2
E90jYf8k,Birrell K.,Dart H.,1,1,ou,25.50,under,ft,1.315,2
E90jYf8k,Birrell K.,Dart H.,1,1,ou,26.50,over,ft,3.37,1
E90jYf8k,Birrell K.,Dart H.,1,1,ou,26.50,under,ft,1.23,1
E90jYf8k,Birrell K.,Dart H.,1,1,hc,1.50,home,ft,1.105,8
E90jYf8k,Birrell K.,Dart H.,1,1,hc,1.50,away,ft,5.97,8
E90jYf8k,Birrell K.,Dart H.,1,1,hc,-1.50,home,ft,1.787,9
E90jYf8k,Birrell K.,Dart H.,1,1,hc,-1.50,away,ft,1.938,9
E90jYf8k,Birrell K.,Dart H.,1,1,hc,0.50,home,ft,1.3,1
E90jYf8k,Birrell K.,Dart H.,1,1,hc,0.50,away,ft,3.2,1
E90jYf8k,Birrell K.,Dart H.,1,1,hc,-0.50,home,ft,1.35,1
E90jYf8k,Birrell K.,Dart H.,1,1,hc,-0.50,away,ft,3.0,1
E90jYf8k,Birrell K.,Dart H.,1,1,hc,1.50,home,ft,1.27,1
E90jYf8k,Birrell K.,Dart H.,1,1,hc,1.50,away,ft,3.66,1
E90jYf8k,Birrell K.,Dart H.,1,1,hc,-1.50,home,ft,1.405,2
E90jYf8k,Birrell K.,Dart H.,1,1,hc,-1.50,away,ft,2.795,2
E90jYf8k,Birrell K.,Dart H.,1,1,hc,-2.50,home,ft,1.455,4
E90jYf8k,Birrell K.,Dart H.,1,1,hc,-2.50,away,ft,2.507,4
E90jYf8k,Birrell K.,Dart H.,1,1,hc,-3.00,home,ft,1.5,3
E90jYf8k,Birrell K.,Dart H.,1,1,hc,-3.00,away,ft,2.38,3
E90jYf8k,Birrell K.,Dart H.,1,1,hc,-3.50,home,ft,1.571,8
E90jYf8k,Birrell K.,Dart H.,1,1,hc,-3.50,away,ft,2.275,8
E90jYf8k,Birrell K.,Dart H.,1,1,hc,-4.00,home,ft,1.653,6
E90jYf8k,Birrell K.,Dart H.,1,1,hc,-4.00,away,ft,2.128,6
E90jYf8k,Birrell K.,Dart H.,1,1,hc,-4.50,home,ft,1.86,8
E90jYf8k,Birrell K.,Dart H.,1,1,hc,-4.50,away,ft,1.863,8
E90jYf8k,Birrell K.,Dart H.,1,1,hc,-5.00,home,ft,2.117,6
E90jYf8k,Birrell K.,Dart H.,1,1,hc,-5.00,away,ft,1.655,6
E90jYf8k,Birrell K.,Dart H.,1,1,hc,-5.50,home,ft,2.351,8
E90jYf8k,Birrell K.,Dart H.,1,1,hc,-5.50,away,ft,1.535,8
E90jYf8k,Birrell K.,Dart H.,1,1,hc,-6.00,home,ft,2.846,5
E90jYf8k,Birrell K.,Dart H.,1,1,hc,-6.00,away,ft,1.384,5
E90jYf8k,Birrell K.,Dart H.,1,1,hc,-6.50,home,ft,3.2,4
E90jYf8k,Birrell K.,Dart H.,1,1,hc,-6.50,away,ft,1.292,4
E90jYf8k,Birrell K.,Dart H.,1,1,hc,-7.50,home,ft,5.22,1
E90jYf8k,Birrell K.,Dart H.,1,1,hc,-7.50,away,ft,1.15,1
rR9KwHpS,Gibson T.,Stojsavljevic M.,0,0,ou,2.50,over,ft,3.64,5
rR9KwHpS,Gibson T.,Stojsavljevic M.,0,0,ou,2.50,under,ft,1.262,5
rR9KwHpS,Gibson T.,Stojsavljevic M.,0,0,ou,14.50,over,ft,1.02,1
rR9KwHpS,Gibson T.,Stojsavljevic M.,0,0,ou,14.50,under,ft,6.89,1
rR9KwHpS,Gibson T.,Stojsavljevic M.,0,0,ou,15.50,over,ft,1.09,1
rR9KwHpS,Gibson T.,Stojsavljevic M.,0,0,ou,15.50,under,ft,5.56,1
rR9KwHpS,Gibson T.,Stojsavljevic M.,0,0,ou,16.50,over,ft,1.273,3
rR9KwHpS,Gibson T.,Stojsavljevic M.,0,0,ou,16.50,under,ft,3.473,3
rR9KwHpS,Gibson T.,Stojsavljevic M.,0,0,ou,17.50,over,ft,1.488,6
rR9KwHpS,Gibson T.,Stojsavljevic M.,0,0,ou,17.50,under,ft,2.45,6
rR9KwHpS,Gibson T.,Stojsavljevic M.,0,0,ou,18.00,over,ft,1.584,7
rR9KwHpS,Gibson T.,Stojsavljevic M.,0,0,ou,18.00,under,ft,2.251,7
rR9KwHpS,Gibson T.,Stojsavljevic M.,0,0,ou,18.50,over,ft,1.732,10
rR9KwHpS,Gibson T.,Stojsavljevic M.,0,0,ou,18.50,under,ft,2.002,10
rR9KwHpS,Gibson T.,Stojsavljevic M.,0,0,ou,19.00,over,ft,1.874,7
rR9KwHpS,Gibson T.,Stojsavljevic M.,0,0,ou,19.00,under,ft,1.85,7
rR9KwHpS,Gibson T.,Stojsavljevic M.,0,0,ou,19.50,over,ft,1.991,10
rR9KwHpS,Gibson T.,Stojsavljevic M.,0,0,ou,19.50,under,ft,1.747,10
rR9KwHpS,Gibson T.,Stojsavljevic M.,0,0,ou,20.00,over,ft,2.167,7
rR9KwHpS,Gibson T.,Stojsavljevic M.,0,0,ou,20.00,under,ft,1.63,7
rR9KwHpS,Gibson T.,Stojsavljevic M.,0,0,ou,20.50,over,ft,2.268,8
rR9KwHpS,Gibson T.,Stojsavljevic M.,0,0,ou,20.50,under,ft,1.56,8
rR9KwHpS,Gibson T.,Stojsavljevic M.,0,0,ou,21.50,over,ft,2.478,5
rR9KwHpS,Gibson T.,Stojsavljevic M.,0,0,ou,21.50,under,ft,1.464,5
rR9KwHpS,Gibson T.,Stojsavljevic M.,0,0,ou,22.50,over,ft,3.12,2
rR9KwHpS,Gibson T.,Stojsavljevic M.,0,0,ou,22.50,under,ft,1.325,2
rR9KwHpS,Gibson T.,Stojsavljevic M.,0,0,ou,23.50,over,ft,3.23,1
rR9KwHpS,Gibson T.,Stojsavljevic M.,0,0,ou,23.50,under,ft,1.29,1
rR9KwHpS,Gibson T.,Stojsavljevic M.,0,0,hc,1.50,home,ft,1.039,7
rR9KwHpS,Gibson T.,Stojsavljevic M.,0,0,hc,1.50,away,ft,10.091,8
rR9KwHpS,Gibson T.,Stojsavljevic M.,0,0,hc,-1.50,home,ft,1.397,9
rR9KwHpS,Gibson T.,Stojsavljevic M.,0,0,hc,-1.50,away,ft,2.791,9
rR9KwHpS,Gibson T.,Stojsavljevic M.,0,0,hc,-3.50,home,ft,1.26,4
rR9KwHpS,Gibson T.,Stojsavljevic M.,0,0,hc,-3.50,away,ft,3.485,4
rR9KwHpS,Gibson T.,Stojsavljevic M.,0,0,hc,-4.00,home,ft,1.31,3
rR9KwHpS,Gibson T.,Stojsavljevic M.,0,0,hc,-4.00,away,ft,3.08,3
rR9KwHpS,Gibson T.,Stojsavljevic M.,0,0,hc,-4.50,home,ft,1.449,7
rR9KwHpS,Gibson T.,Stojsavljevic M.,0,0,hc,-4.50,away,ft,2.603,7
rR9KwHpS,Gibson T.,Stojsavljevic M.,0,0,hc,-5.00,home,ft,1.525,6
rR9KwHpS,Gibson T.,Stojsavljevic M.,0,0,hc,-5.00,away,ft,2.393,6
rR9KwHpS,Gibson T.,Stojsavljevic M.,0,0,hc,-5.50,home,ft,1.751,8
rR9KwHpS,Gibson T.,Stojsavljevic M.,0,0,hc,-5.50,away,ft,1.98,8
rR9KwHpS,Gibson T.,Stojsavljevic M.,0,0,hc,-6.00,home,ft,1.958,6
rR9KwHpS,Gibson T.,Stojsavljevic M.,0,0,hc,-6.00,away,ft,1.782,6
rR9KwHpS,Gibson T.,Stojsavljevic M.,0,0,hc,-6.50,home,ft,2.299,8
rR9KwHpS,Gibson T.,Stojsavljevic M.,0,0,hc,-6.50,away,ft,1.565,8
rR9KwHpS,Gibson T.,Stojsavljevic M.,0,0,hc,-7.00,home,ft,3.016,5
rR9KwHpS,Gibson T.,Stojsavljevic M.,0,0,hc,-7.00,away,ft,1.348,5
rR9KwHpS,Gibson T.,Stojsavljevic M.,0,0,hc,-7.50,home,ft,3.433,4
rR9KwHpS,Gibson T.,Stojsavljevic M.,0,0,hc,-7.50,away,ft,1.265,4
rR9KwHpS,Gibson T.,Stojsavljevic M.,0,0,hc,-8.00,home,ft,4.3,3
rR9KwHpS,Gibson T.,Stojsavljevic M.,0,0,hc,-8.00,away,ft,1.17,3
rR9KwHpS,Gibson T.,Stojsavljevic M.,0,0,hc,-8.50,home,ft,4.8,3
rR9KwHpS,Gibson T.,Stojsavljevic M.,0,0,hc,-8.50,away,ft,1.14,3
