match_id,home,away,home_score,away_score,market,line,side,avg_odds,n_bookies
0EZuALXq,Zamalek,Pharco,2,2,1x2,0,home,1.73,1
0EZuALXq,Zamalek,Pharco,2,2,1x2,0,draw,3.8,1
0EZuALXq,Zamalek,Pharco,2,2,1x2,0,away,5.9,1
0EZuALXq,Zamalek,Pharco,2,2,ou,0.50,over,1.09,1
0EZuALXq,Zamalek,Pharco,2,2,ou,0.50,under,11.0,1
0EZuALXq,Zamalek,Pharco,2,2,ou,1.50,over,1.39,1
0EZuALXq,Zamalek,Pharco,2,2,ou,1.50,under,3.4,1
0EZuALXq,Zamalek,Pharco,2,2,ou,2.50,over,2.18,1
0EZuALXq,Zamalek,Pharco,2,2,ou,2.50,under,1.8,1
0EZuALXq,Zamalek,Pharco,2,2,ou,3.50,over,4.1,1
0EZuALXq,Zamalek,Pharco,2,2,ou,3.50,under,1.3,1
0EZuALXq,Zamalek,Pharco,2,2,ou,4.50,over,9.4,1
0EZuALXq,Zamalek,Pharco,2,2,ou,4.50,under,1.1,1
0EZuALXq,Zamalek,Pharco,2,2,ou,5.50,over,23.0,1
0EZuALXq,Zamalek,Pharco,2,2,ou,5.50,under,1.03,1
0EZuALXq,Zamalek,Pharco,2,2,ou,6.50,over,50.0,1
0EZuALXq,Zamalek,Pharco,2,2,hc,0,home,1.28,1
0EZuALXq,Zamalek,Pharco,2,2,hc,0,away,4.34,1
0EZuALXq,Zamalek,Pharco,2,2,hc,0.50,home,1.2,1
0EZuALXq,Zamalek,Pharco,2,2,hc,0.50,away,5.9,1
0EZuALXq,Zamalek,Pharco,2,2,hc,-0.50,home,1.73,1
0EZuALXq,Zamalek,Pharco,2,2,hc,-0.50,away,2.31,1
0EZuALXq,Zamalek,Pharco,2,2,hc,0.75,home,1.12,1
0EZuALXq,Zamalek,Pharco,2,2,hc,0.75,away,8.28,1
0EZuALXq,Zamalek,Pharco,2,2,hc,-0.75,home,1.95,1
0EZuALXq,Zamalek,Pharco,2,2,hc,-0.75,away,1.98,1
0EZuALXq,Zamalek,Pharco,2,2,hc,1.00,home,1.04,1
0EZuALXq,Zamalek,Pharco,2,2,hc,1.00,away,14.5,1
0EZuALXq,Zamalek,Pharco,2,2,hc,-1.00,home,2.37,1
0EZuALXq,Zamalek,Pharco,2,2,hc,-1.00,away,1.66,1
0EZuALXq,Zamalek,Pharco,2,2,hc,1.25,home,1.04,1
0EZuALXq,Zamalek,Pharco,2,2,hc,1.25,away,15.4,1
0EZuALXq,Zamalek,Pharco,2,2,hc,-1.25,home,2.81,1
0EZuALXq,Zamalek,Pharco,2,2,hc,-1.25,away,1.49,1
0EZuALXq,Zamalek,Pharco,2,2,hc,1.50,home,1.04,1
0EZuALXq,Zamalek,Pharco,2,2,hc,1.50,away,16.31,1
0EZuALXq,Zamalek,Pharco,2,2,hc,-1.50,home,3.22,1
0EZuALXq,Zamalek,Pharco,2,2,hc,-1.50,away,1.39,1
0EZuALXq,Zamalek,Pharco,2,2,hc,1.75,home,1.02,1
0EZuALXq,Zamalek,Pharco,2,2,hc,1.75,away,16.31,1
0EZuALXq,Zamalek,Pharco,2,2,hc,-1.75,home,4.02,1
0EZuALXq,Zamalek,Pharco,2,2,hc,-1.75,away,1.27,1
0EZuALXq,Zamalek,Pharco,2,2,hc,-2.00,home,5.53,1
0EZuALXq,Zamalek,Pharco,2,2,hc,-2.00,away,1.16,1
0EZuALXq,Zamalek,Pharco,2,2,hc,-2.25,home,6.0,1
0EZuALXq,Zamalek,Pharco,2,2,hc,-2.25,away,1.14,1
0EZuALXq,Zamalek,Pharco,2,2,hc,-2.50,home,5.31,1
0EZuALXq,Zamalek,Pharco,2,2,hc,-2.50,away,1.13,1
0EZuALXq,Zamalek,Pharco,2,2,hc,-2.75,home,6.4,1
0EZuALXq,Zamalek,Pharco,2,2,hc,-2.75,away,1.07,1
0EZuALXq,Zamalek,Pharco,2,2,hc,-3.00,home,6.76,1
0EZuALXq,Zamalek,Pharco,2,2,hc,-3.00,away,1.04,1
0EZuALXq,Zamalek,Pharco,2,2,hc,-3.25,home,6.76,1
0EZuALXq,Zamalek,Pharco,2,2,hc,-3.25,away,1.03,1
0EZuALXq,Zamalek,Pharco,2,2,hc,-3.50,home,6.76,1
0EZuALXq,Zamalek,Pharco,2,2,hc,-3.50,away,1.03,1
0EZuALXq,Zamalek,Pharco,2,2,hc,-3.75,home,6.76,1
0EZuALXq,Zamalek,Pharco,2,2,hc,0.25,home,1.23,1
0EZuALXq,Zamalek,Pharco,2,2,hc,0.25,away,5.12,1
0EZuALXq,Zamalek,Pharco,2,2,hc,-0.25,home,1.51,1
0EZuALXq,Zamalek,Pharco,2,2,hc,-0.25,away,2.88,1
0EZuALXq,Zamalek,Pharco,2,2,dc,0,home/draw,1.2,1
0EZuALXq,Zamalek,Pharco,2,2,dc,0,home/away,1.34,1
0EZuALXq,Zamalek,Pharco,2,2,dc,0,draw/away,2.3,1
YeqC9UaM,Al Ittihad,Enppi,1,1,1x2,0,home,2.38,1
YeqC9UaM,Al Ittihad,Enppi,1,1,1x2,0,draw,2.74,1
YeqC9UaM,Al Ittihad,Enppi,1,1,1x2,0,away,4.5,1
YeqC9UaM,Al Ittihad,Enppi,1,1,ou,0.50,over,1.19,1
YeqC9UaM,Al Ittihad,Enppi,1,1,ou,0.50,under,5.9,1
YeqC9UaM,Al Ittihad,Enppi,1,1,ou,1.50,over,1.71,1
YeqC9UaM,Al Ittihad,Enppi,1,1,ou,1.50,under,2.36,1
YeqC9UaM,Al Ittihad,Enppi,1,1,ou,2.50,over,3.3,1
YeqC9UaM,Al Ittihad,Enppi,1,1,ou,2.50,under,1.41,1
YeqC9UaM,Al Ittihad,Enppi,1,1,ou,3.50,over,7.4,1
YeqC9UaM,Al Ittihad,Enppi,1,1,ou,3.50,under,1.14,1
YeqC9UaM,Al Ittihad,Enppi,1,1,ou,4.50,over,19.5,1
YeqC9UaM,Al Ittihad,Enppi,1,1,ou,4.50,under,1.04,1
YeqC9UaM,Al Ittihad,Enppi,1,1,ou,5.50,over,50.0,1
YeqC9UaM,Al Ittihad,Enppi,1,1,hc,0,home,1.52,1
YeqC9UaM,Al Ittihad,Enppi,1,1,hc,0,away,2.88,1
YeqC9UaM,Al Ittihad,Enppi,1,1,hc,0.50,home,1.27,1
YeqC9UaM,Al Ittihad,Enppi,1,1,hc,0.50,away,4.5,1
YeqC9UaM,Al Ittihad,Enppi,1,1,hc,-0.50,home,2.38,1
YeqC9UaM,Al Ittihad,Enppi,1,1,hc,-0.50,away,1.71,1
YeqC9UaM,Al Ittihad,Enppi,1,1,hc,0.75,home,1.15,1
YeqC9UaM,Al Ittihad,Enppi,1,1,hc,0.75,away,5.31,1
YeqC9UaM,Al Ittihad,Enppi,1,1,hc,-0.75,home,2.63,1
YeqC9UaM,Al Ittihad,Enppi,1,1,hc,-0.75,away,1.43,1
YeqC9UaM,Al Ittihad,Enppi,1,1,hc,1.00,home,1.03,1
YeqC9UaM,Al Ittihad,Enppi,1,1,hc,1.00,away,6.6,1
YeqC9UaM,Al Ittihad,Enppi,1,1,hc,-1.00,home,3.0,1
YeqC9UaM,Al Ittihad,Enppi,1,1,hc,-1.00,away,1.15,1
YeqC9UaM,Al Ittihad,Enppi,1,1,hc,1.25,home,1.03,1
YeqC9UaM,Al Ittihad,Enppi,1,1,hc,1.25,away,6.9,1
YeqC9UaM,Al Ittihad,Enppi,1,1,hc,-1.25,home,3.22,1
YeqC9UaM,Al Ittihad,Enppi,1,1,hc,-1.25,away,1.11,1
YeqC9UaM,Al Ittihad,Enppi,1,1,hc,1.50,home,1.03,1
YeqC9UaM,Al Ittihad,Enppi,1,1,hc,1.50,away,7.2,1
YeqC9UaM,Al Ittihad,Enppi,1,1,hc,-1.50,home,3.45,1
YeqC9UaM,Al Ittihad,Enppi,1,1,hc,-1.50,away,1.09,1
YeqC9UaM,Al Ittihad,Enppi,1,1,hc,1.75,away,7.2,1
YeqC9UaM,Al Ittihad,Enppi,1,1,hc,-1.75,home,3.45,1
YeqC9UaM,Al Ittihad,Enppi,1,1,hc,-1.75,away,1.04,1
YeqC9UaM,Al Ittihad,Enppi,1,1,hc,0.25,home,1.36,1
YeqC9UaM,Al Ittihad,Enppi,1,1,hc,0.25,away,3.69,1
YeqC9UaM,Al Ittihad,Enppi,1,1,hc,-0.25,home,1.95,1
YeqC9UaM,Al Ittihad,Enppi,1,1,hc,-0.25,away,2.04,1
YeqC9UaM,Al Ittihad,Enppi,1,1,dc,0,home/draw,1.27,1
YeqC9UaM,Al Ittihad,Enppi,1,1,dc,0,home/away,1.56,1
YeqC9UaM,Al Ittihad,Enppi,1,1,dc,0,draw/away,1.71,1
URUs48Nq,El Gaish,Modern Sport,1,1,1x2,0,home,3.3,1
URUs48Nq,El Gaish,Modern Sport,1,1,1x2,0,draw,2.56,1
URUs48Nq,El Gaish,Modern Sport,1,1,1x2,0,away,3.0,1
URUs48Nq,El Gaish,Modern Sport,1,1,ou,0.50,over,1.21,1
URUs48Nq,El Gaish,Modern Sport,1,1,ou,0.50,under,5.4,1
URUs48Nq,El Gaish,Modern Sport,1,1,ou,1.50,over,1.76,1
URUs48Nq,El Gaish,Modern Sport,1,1,ou,1.50,under,2.26,1
URUs48Nq,El Gaish,Modern Sport,1,1,ou,2.50,over,3.55,1
URUs48Nq,El Gaish,Modern Sport,1,1,ou,2.50,under,1.38,1
URUs48Nq,El Gaish,Modern Sport,1,1,ou,3.50,over,8.0,1
URUs48Nq,El Gaish,Modern Sport,1,1,ou,3.50,under,1.12,1
URUs48Nq,El Gaish,Modern Sport,1,1,ou,4.50,over,22.0,1
URUs48Nq,El Gaish,Modern Sport,1,1,ou,4.50,under,1.04,1
URUs48Nq,El Gaish,Modern Sport,1,1,ou,5.50,over,50.0,1
URUs48Nq,El Gaish,Modern Sport,1,1,hc,0,home,2.11,1
URUs48Nq,El Gaish,Modern Sport,1,1,hc,0,away,1.84,1
URUs48Nq,El Gaish,Modern Sport,1,1,hc,0.50,home,1.48,1
URUs48Nq,El Gaish,Modern Sport,1,1,hc,0.50,away,2.94,1
URUs48Nq,El Gaish,Modern Sport,1,1,hc,-0.50,home,3.4,1
URUs48Nq,El Gaish,Modern Sport,1,1,hc,-0.50,away,1.39,1
URUs48Nq,El Gaish,Modern Sport,1,1,hc,0.75,home,1.28,1
URUs48Nq,El Gaish,Modern Sport,1,1,hc,0.75,away,3.32,1
URUs48Nq,El Gaish,Modern Sport,1,1,hc,-0.75,home,4.04,1
URUs48Nq,El Gaish,Modern Sport,1,1,hc,-0.75,away,1.22,1
URUs48Nq,El Gaish,Modern Sport,1,1,hc,1.00,home,1.08,1
URUs48Nq,El Gaish,Modern Sport,1,1,hc,1.00,away,3.9,1
URUs48Nq,El Gaish,Modern Sport,1,1,hc,-1.00,home,5.16,1
URUs48Nq,El Gaish,Modern Sport,1,1,hc,-1.00,away,1.04,1
URUs48Nq,El Gaish,Modern Sport,1,1,hc,1.25,home,1.07,1
URUs48Nq,El Gaish,Modern Sport,1,1,hc,1.25,away,4.15,1
URUs48Nq,El Gaish,Modern Sport,1,1,hc,-1.25,home,5.53,1
URUs48Nq,El Gaish,Modern Sport,1,1,hc,-1.25,away,1.04,1
URUs48Nq,El Gaish,Modern Sport,1,1,hc,1.50,home,1.06,1
URUs48Nq,El Gaish,Modern Sport,1,1,hc,1.50,away,4.4,1
URUs48Nq,El Gaish,Modern Sport,1,1,hc,-1.50,home,5.9,1
URUs48Nq,El Gaish,Modern Sport,1,1,hc,-1.50,away,1.03,1
URUs48Nq,El Gaish,Modern Sport,1,1,hc,1.75,home,1.03,1
URUs48Nq,El Gaish,Modern Sport,1,1,hc,1.75,away,4.4,1
URUs48Nq,El Gaish,Modern Sport,1,1,hc,-1.75,home,5.9,1
URUs48Nq,El Gaish,Modern Sport,1,1,hc,0.25,home,1.67,1
URUs48Nq,El Gaish,Modern Sport,1,1,hc,0.25,away,2.39,1
URUs48Nq,El Gaish,Modern Sport,1,1,hc,-0.25,home,2.75,1
URUs48Nq,El Gaish,Modern Sport,1,1,hc,-0.25,away,1.53,1
URUs48Nq,El Gaish,Modern Sport,1,1,dc,0,home/draw,1.48,1
URUs48Nq,El Gaish,Modern Sport,1,1,dc,0,home/away,1.59,1
URUs48Nq,El Gaish,Modern Sport,1,1,dc,0,draw/away,1.39,1
QgOj2nhd,Ghazl El Mahallah,El Ismaily,1,1,1x2,0,home,2.04,1
QgOj2nhd,Ghazl El Mahallah,El Ismaily,1,1,1x2,0,draw,3.2,1
QgOj2nhd,Ghazl El Mahallah,El Ismaily,1,1,1x2,0,away,4.9,1
QgOj2nhd,Ghazl El Mahallah,El Ismaily,1,1,ou,0.50,over,1.12,1
QgOj2nhd,Ghazl El Mahallah,El Ismaily,1,1,ou,0.50,under,8.6,1
QgOj2nhd,Ghazl El Mahallah,El Ismaily,1,1,ou,1.50,over,1.49,1
QgOj2nhd,Ghazl El Mahallah,El Ismaily,1,1,ou,1.50,under,2.98,1
QgOj2nhd,Ghazl El Mahallah,El Ismaily,1,1,ou,2.50,over,2.42,1
QgOj2nhd,Ghazl El Mahallah,El Ismaily,1,1,ou,2.50,under,1.67,1
QgOj2nhd,Ghazl El Mahallah,El Ismaily,1,1,ou,3.50,over,5.0,1
QgOj2nhd,Ghazl El Mahallah,El Ismaily,1,1,ou,3.50,under,1.23,1
QgOj2nhd,Ghazl El Mahallah,El Ismaily,1,1,ou,4.50,over,12.0,1
QgOj2nhd,Ghazl El Mahallah,El Ismaily,1,1,ou,4.50,under,1.08,1
QgOj2nhd,Ghazl El Mahallah,El Ismaily,1,1,ou,5.50,over,27.0,1
QgOj2nhd,Ghazl El Mahallah,El Ismaily,1,1,ou,5.50,under,1.02,1
QgOj2nhd,Ghazl El Mahallah,El Ismaily,1,1,ou,6.50,over,75.0,1
QgOj2nhd,Ghazl El Mahallah,El Ismaily,1,1,hc,0,home,1.37,1
QgOj2nhd,Ghazl El Mahallah,El Ismaily,1,1,hc,0,away,3.53,1
QgOj2nhd,Ghazl El Mahallah,El Ismaily,1,1,hc,0.50,home,1.23,1
QgOj2nhd,Ghazl El Mahallah,El Ismaily,1,1,hc,0.50,away,5.07,1
QgOj2nhd,Ghazl El Mahallah,El Ismaily,1,1,hc,-0.50,home,1.97,1
QgOj2nhd,Ghazl El Mahallah,El Ismaily,1,1,hc,-0.50,away,2.0,1
QgOj2nhd,Ghazl El Mahallah,El Ismaily,1,1,hc,0.75,home,1.15,1
QgOj2nhd,Ghazl El Mahallah,El Ismaily,1,1,hc,0.75,away,7.14,1
QgOj2nhd,Ghazl El Mahallah,El Ismaily,1,1,hc,-0.75,home,2.31,1
QgOj2nhd,Ghazl El Mahallah,El Ismaily,1,1,hc,-0.75,away,1.73,1
QgOj2nhd,Ghazl El Mahallah,El Ismaily,1,1,hc,1.00,home,1.07,1
QgOj2nhd,Ghazl El Mahallah,El Ismaily,1,1,hc,1.00,away,13.46,1
QgOj2nhd,Ghazl El Mahallah,El Ismaily,1,1,hc,-1.00,home,3.01,1
QgOj2nhd,Ghazl El Mahallah,El Ismaily,1,1,hc,-1.00,away,1.45,1
QgOj2nhd,Ghazl El Mahallah,El Ismaily,1,1,hc,1.25,home,1.06,1
QgOj2nhd,Ghazl El Mahallah,El Ismaily,1,1,hc,1.25,away,14.48,1
QgOj2nhd,Ghazl El Mahallah,El Ismaily,1,1,hc,-1.25,home,3.55,1
QgOj2nhd,Ghazl El Mahallah,El Ismaily,1,1,hc,-1.25,away,1.35,1
QgOj2nhd,Ghazl El Mahallah,El Ismaily,1,1,hc,1.50,home,1.05,1
QgOj2nhd,Ghazl El Mahallah,El Ismaily,1,1,hc,1.50,away,15.5,1
QgOj2nhd,Ghazl El Mahallah,El Ismaily,1,1,hc,-1.50,home,4.0,1
QgOj2nhd,Ghazl El Mahallah,El Ismaily,1,1,hc,-1.50,away,1.28,1
QgOj2nhd,Ghazl El Mahallah,El Ismaily,1,1,hc,1.75,home,1.02,1
QgOj2nhd,Ghazl El Mahallah,El Ismaily,1,1,hc,1.75,away,15.5,1
QgOj2nhd,Ghazl El Mahallah,El Ismaily,1,1,hc,-1.75,home,5.33,1
QgOj2nhd,Ghazl El Mahallah,El Ismaily,1,1,hc,-1.75,away,1.19,1
QgOj2nhd,Ghazl El Mahallah,El Ismaily,1,1,hc,-2.00,home,8.19,1
QgOj2nhd,Ghazl El Mahallah,El Ismaily,1,1,hc,-2.00,away,1.1,1
QgOj2nhd,Ghazl El Mahallah,El Ismaily,1,1,hc,-2.25,home,8.85,1
QgOj2nhd,Ghazl El Mahallah,El Ismaily,1,1,hc,-2.25,away,1.09,1
QgOj2nhd,Ghazl El Mahallah,El Ismaily,1,1,hc,-2.50,home,9.52,1
QgOj2nhd,Ghazl El Mahallah,El Ismaily,1,1,hc,-2.50,away,1.09,1
QgOj2nhd,Ghazl El Mahallah,El Ismaily,1,1,hc,-2.75,home,9.52,1
QgOj2nhd,Ghazl El Mahallah,El Ismaily,1,1,hc,-2.75,away,1.04,1
QgOj2nhd,Ghazl El Mahallah,El Ismaily,1,1,hc,0.25,home,1.28,1
QgOj2nhd,Ghazl El Mahallah,El Ismaily,1,1,hc,0.25,away,4.3,1
QgOj2nhd,Ghazl El Mahallah,El Ismaily,1,1,hc,-0.25,home,1.67,1
QgOj2nhd,Ghazl El Mahallah,El Ismaily,1,1,hc,-0.25,away,2.43,1
QgOj2nhd,Ghazl El Mahallah,El Ismaily,1,1,dc,0,home/draw,1.24,1
QgOj2nhd,Ghazl El Mahallah,El Ismaily,1,1,dc,0,home/away,1.44,1
QgOj2nhd,Ghazl El Mahallah,El Ismaily,1,1,dc,0,draw/away,1.94,1
vcj3BjV9,ZED,Smouha,0,0,1x2,0,home,4.4,1
vcj3BjV9,ZED,Smouha,0,0,1x2,0,draw,3.25,1
vcj3BjV9,ZED,Smouha,0,0,1x2,0,away,2.12,1
vcj3BjV9,ZED,Smouha,0,0,ou,0.50,over,1.14,1
vcj3BjV9,ZED,Smouha,0,0,ou,0.50,under,7.8,1
vcj3BjV9,ZED,Smouha,0,0,ou,1.50,over,1.55,1
vcj3BjV9,ZED,Smouha,0,0,ou,1.50,under,2.76,1
vcj3BjV9,ZED,Smouha,0,0,ou,2.50,over,2.72,1
vcj3BjV9,ZED,Smouha,0,0,ou,2.50,under,1.57,1
vcj3BjV9,ZED,Smouha,0,0,ou,3.50,over,5.8,1
vcj3BjV9,ZED,Smouha,0,0,ou,3.50,under,1.2,1
vcj3BjV9,ZED,Smouha,0,0,ou,4.50,over,14.0,1
vcj3BjV9,ZED,Smouha,0,0,ou,4.50,under,1.06,1
vcj3BjV9,ZED,Smouha,0,0,ou,5.50,over,36.0,1
vcj3BjV9,ZED,Smouha,0,0,hc,0,home,3.05,1
vcj3BjV9,ZED,Smouha,0,0,hc,0,away,1.47,1
vcj3BjV9,ZED,Smouha,0,0,hc,0.50,home,1.87,1
vcj3BjV9,ZED,Smouha,0,0,hc,0.50,away,2.12,1
vcj3BjV9,ZED,Smouha,0,0,hc,-0.50,home,4.4,1
vcj3BjV9,ZED,Smouha,0,0,hc,-0.50,away,1.28,1
vcj3BjV9,ZED,Smouha,0,0,hc,0.75,home,1.61,1
vcj3BjV9,ZED,Smouha,0,0,hc,0.75,away,2.54,1
vcj3BjV9,ZED,Smouha,0,0,hc,-0.75,home,6.21,1
vcj3BjV9,ZED,Smouha,0,0,hc,-0.75,away,1.18,1
vcj3BjV9,ZED,Smouha,0,0,hc,1.00,home,1.35,1
vcj3BjV9,ZED,Smouha,0,0,hc,1.00,away,3.49,1
vcj3BjV9,ZED,Smouha,0,0,hc,-1.00,home,12.2,1
vcj3BjV9,ZED,Smouha,0,0,hc,-1.00,away,1.08,1
vcj3BjV9,ZED,Smouha,0,0,hc,1.25,home,1.27,1
vcj3BjV9,ZED,Smouha,0,0,hc,1.25,away,4.1,1
vcj3BjV9,ZED,Smouha,0,0,hc,-1.25,home,13.35,1
vcj3BjV9,ZED,Smouha,0,0,hc,-1.25,away,1.07,1
vcj3BjV9,ZED,Smouha,0,0,hc,1.50,home,1.22,1
vcj3BjV9,ZED,Smouha,0,0,hc,1.50,away,4.71,1
vcj3BjV9,ZED,Smouha,0,0,hc,-1.50,home,14.5,1
vcj3BjV9,ZED,Smouha,0,0,hc,-1.50,away,1.06,1
vcj3BjV9,ZED,Smouha,0,0,hc,1.75,home,1.14,1
vcj3BjV9,ZED,Smouha,0,0,hc,1.75,away,6.19,1
vcj3BjV9,ZED,Smouha,0,0,hc,-1.75,home,14.5,1
vcj3BjV9,ZED,Smouha,0,0,hc,-1.75,away,1.03,1
vcj3BjV9,ZED,Smouha,0,0,hc,2.00,home,1.07,1
vcj3BjV9,ZED,Smouha,0,0,hc,2.00,away,4.71,1
vcj3BjV9,ZED,Smouha,0,0,hc,-2.00,home,14.5,1
vcj3BjV9,ZED,Smouha,0,0,hc,-2.00,away,1.04,1
vcj3BjV9,ZED,Smouha,0,0,hc,2.25,home,1.06,1
vcj3BjV9,ZED,Smouha,0,0,hc,2.25,away,4.71,1
vcj3BjV9,ZED,Smouha,0,0,hc,-2.25,home,14.5,1
vcj3BjV9,ZED,Smouha,0,0,hc,-2.25,away,1.03,1
vcj3BjV9,ZED,Smouha,0,0,hc,2.50,home,1.06,1
vcj3BjV9,ZED,Smouha,0,0,hc,2.50,away,7.17,1
vcj3BjV9,ZED,Smouha,0,0,hc,-2.50,home,14.5,1
vcj3BjV9,ZED,Smouha,0,0,hc,-2.50,away,1.03,1
vcj3BjV9,ZED,Smouha,0,0,hc,2.75,home,1.03,1
vcj3BjV9,ZED,Smouha,0,0,hc,2.75,away,7.17,1
vcj3BjV9,ZED,Smouha,0,0,hc,-2.75,home,14.5,1
vcj3BjV9,ZED,Smouha,0,0,hc,0.25,home,2.22,1
vcj3BjV9,ZED,Smouha,0,0,hc,0.25,away,1.79,1
vcj3BjV9,ZED,Smouha,0,0,hc,-0.25,home,3.72,1
vcj3BjV9,ZED,Smouha,0,0,hc,-0.25,away,1.35,1
vcj3BjV9,ZED,Smouha,0,0,dc,0,home/draw,1.87,1
vcj3BjV9,ZED,Smouha,0,0,dc,0,home/away,1.43,1
vcj3BjV9,ZED,Smouha,0,0,dc,0,draw/away,1.28,1
lxosC83U,Al Ahly,Pharco,6,6,1x2,0,home,1.18,1
lxosC83U,Al Ahly,Pharco,6,6,1x2,0,draw,8.0,1
lxosC83U,Al Ahly,Pharco,6,6,1x2,0,away,25.0,1
lxosC83U,Al Ahly,Pharco,6,6,ou,0.50,over,1.03,1
lxosC83U,Al Ahly,Pharco,6,6,ou,0.50,under,26.0,1
lxosC83U,Al Ahly,Pharco,6,6,ou,1.50,over,1.17,1
lxosC83U,Al Ahly,Pharco,6,6,ou,1.50,under,6.4,1
lxosC83U,Al Ahly,Pharco,6,6,ou,2.50,over,1.54,1
lxosC83U,Al Ahly,Pharco,6,6,ou,2.50,under,2.76,1
lxosC83U,Al Ahly,Pharco,6,6,ou,3.50,over,2.34,1
lxosC83U,Al Ahly,Pharco,6,6,ou,3.50,under,1.7,1
lxosC83U,Al Ahly,Pharco,6,6,ou,4.50,over,4.2,1
lxosC83U,Al Ahly,Pharco,6,6,ou,4.50,under,1.29,1
lxosC83U,Al Ahly,Pharco,6,6,ou,5.50,over,8.6,1
lxosC83U,Al Ahly,Pharco,6,6,ou,5.50,under,1.12,1
lxosC83U,Al Ahly,Pharco,6,6,ou,6.50,over,17.5,1
lxosC83U,Al Ahly,Pharco,6,6,ou,6.50,under,1.04,1
lxosC83U,Al Ahly,Pharco,6,6,ou,7.50,over,40.0,1
lxosC83U,Al Ahly,Pharco,6,6,hc,0,home,1.04,1
lxosC83U,Al Ahly,Pharco,6,6,hc,0,away,21.95,1
lxosC83U,Al Ahly,Pharco,6,6,hc,0.50,home,1.03,1
lxosC83U,Al Ahly,Pharco,6,6,hc,0.50,away,25.0,1
lxosC83U,Al Ahly,Pharco,6,6,hc,-0.50,home,1.18,1
lxosC83U,Al Ahly,Pharco,6,6,hc,-0.50,away,6.2,1
lxosC83U,Al Ahly,Pharco,6,6,hc,0.75,home,1.02,1
lxosC83U,Al Ahly,Pharco,6,6,hc,0.75,away,33.45,1
lxosC83U,Al Ahly,Pharco,6,6,hc,-0.75,home,1.2,1
lxosC83U,Al Ahly,Pharco,6,6,hc,-0.75,away,5.55,1
lxosC83U,Al Ahly,Pharco,6,6,hc,-1.00,home,1.23,1
lxosC83U,Al Ahly,Pharco,6,6,hc,-1.00,away,4.92,1
lxosC83U,Al Ahly,Pharco,6,6,hc,-1.25,home,1.38,1
lxosC83U,Al Ahly,Pharco,6,6,hc,-1.25,away,3.36,1
lxosC83U,Al Ahly,Pharco,6,6,hc,-1.50,home,1.54,1
lxosC83U,Al Ahly,Pharco,6,6,hc,-1.50,away,2.67,1
lxosC83U,Al Ahly,Pharco,6,6,hc,-1.75,home,1.66,1
lxosC83U,Al Ahly,Pharco,6,6,hc,-1.75,away,2.4,1
lxosC83U,Al Ahly,Pharco,6,6,hc,-2.00,home,1.84,1
lxosC83U,Al Ahly,Pharco,6,6,hc,-2.00,away,2.11,1
lxosC83U,Al Ahly,Pharco,6,6,hc,-2.25,home,2.09,1
lxosC83U,Al Ahly,Pharco,6,6,hc,-2.25,away,1.81,1
lxosC83U,Al Ahly,Pharco,6,6,hc,-2.50,home,2.35,1
lxosC83U,Al Ahly,Pharco,6,6,hc,-2.50,away,1.64,1
lxosC83U,Al Ahly,Pharco,6,6,hc,-2.75,home,2.75,1
lxosC83U,Al Ahly,Pharco,6,6,hc,-2.75,away,1.49,1
lxosC83U,Al Ahly,Pharco,6,6,hc,-3.00,home,3.17,1
lxosC83U,Al Ahly,Pharco,6,6,hc,-3.00,away,1.35,1
lxosC83U,Al Ahly,Pharco,6,6,hc,-3.25,home,3.47,1
lxosC83U,Al Ahly,Pharco,6,6,hc,-3.25,away,1.29,1
lxosC83U,Al Ahly,Pharco,6,6,hc,-3.50,home,3.67,1
lxosC83U,Al Ahly,Pharco,6,6,hc,-3.50,away,1.26,1
lxosC83U,Al Ahly,Pharco,6,6,hc,-3.75,home,4.82,1
lxosC83U,Al Ahly,Pharco,6,6,hc,-3.75,away,1.18,1
lxosC83U,Al Ahly,Pharco,6,6,hc,-4.00,home,4.7,1
lxosC83U,Al Ahly,Pharco,6,6,hc,-4.00,away,1.11,1
lxosC83U,Al Ahly,Pharco,6,6,hc,0.25,home,1.04,1
lxosC83U,Al Ahly,Pharco,6,6,hc,0.25,away,23.47,1
lxosC83U,Al Ahly,Pharco,6,6,hc,-0.25,home,1.11,1
lxosC83U,Al Ahly,Pharco,6,6,hc,-0.25,away,9.39,1
lxosC83U,Al Ahly,Pharco,6,6,dc,0,home/draw,1.03,1
lxosC83U,Al Ahly,Pharco,6,6,dc,0,home/away,1.13,1
lxosC83U,Al Ahly,Pharco,6,6,dc,0,draw/away,6.2,1
6DH7STmB,Al Masry,Haras El Hodood,2,2,1x2,0,home,1.37,1
6DH7STmB,Al Masry,Haras El Hodood,2,2,1x2,0,draw,5.5,1
6DH7STmB,Al Masry,Haras El Hodood,2,2,1x2,0,away,10.5,1
6DH7STmB,Al Masry,Haras El Hodood,2,2,ou,0.50,over,1.05,1
6DH7STmB,Al Masry,Haras El Hodood,2,2,ou,0.50,under,17.5,1
6DH7STmB,Al Masry,Haras El Hodood,2,2,ou,1.50,over,1.26,1
6DH7STmB,Al Masry,Haras El Hodood,2,2,ou,1.50,under,4.7,1
6DH7STmB,Al Masry,Haras El Hodood,2,2,ou,2.50,over,1.78,1
6DH7STmB,Al Masry,Haras El Hodood,2,2,ou,2.50,under,2.22,1
6DH7STmB,Al Masry,Haras El Hodood,2,2,ou,3.50,over,2.96,1
6DH7STmB,Al Masry,Haras El Hodood,2,2,ou,3.50,under,1.48,1
6DH7STmB,Al Masry,Haras El Hodood,2,2,ou,4.50,over,6.0,1
6DH7STmB,Al Masry,Haras El Hodood,2,2,ou,4.50,under,1.19,1
6DH7STmB,Al Masry,Haras El Hodood,2,2,ou,5.50,over,13.5,1
6DH7STmB,Al Masry,Haras El Hodood,2,2,ou,5.50,under,1.07,1
6DH7STmB,Al Masry,Haras El Hodood,2,2,ou,6.50,over,28.0,1
6DH7STmB,Al Masry,Haras El Hodood,2,2,ou,6.50,under,1.02,1
6DH7STmB,Al Masry,Haras El Hodood,2,2,hc,0,home,1.12,1
6DH7STmB,Al Masry,Haras El Hodood,2,2,hc,0,away,9.0,1
6DH7STmB,Al Masry,Haras El Hodood,2,2,hc,0.50,home,1.09,1
6DH7STmB,Al Masry,Haras El Hodood,2,2,hc,0.50,away,11.0,1
6DH7STmB,Al Masry,Haras El Hodood,2,2,hc,-0.50,home,1.37,1
6DH7STmB,Al Masry,Haras El Hodood,2,2,hc,-0.50,away,3.66,1
6DH7STmB,Al Masry,Haras El Hodood,2,2,hc,0.75,home,1.05,1
6DH7STmB,Al Masry,Haras El Hodood,2,2,hc,0.75,away,16.84,1
6DH7STmB,Al Masry,Haras El Hodood,2,2,hc,-0.75,home,1.44,1
6DH7STmB,Al Masry,Haras El Hodood,2,2,hc,-0.75,away,3.19,1
6DH7STmB,Al Masry,Haras El Hodood,2,2,hc,1.00,away,19.17,1
6DH7STmB,Al Masry,Haras El Hodood,2,2,hc,-1.00,home,1.54,1
6DH7STmB,Al Masry,Haras El Hodood,2,2,hc,-1.00,away,2.71,1
6DH7STmB,Al Masry,Haras El Hodood,2,2,hc,1.25,away,10.6,1
6DH7STmB,Al Masry,Haras El Hodood,2,2,hc,-1.25,home,1.79,1
6DH7STmB,Al Masry,Haras El Hodood,2,2,hc,-1.25,away,2.16,1
6DH7STmB,Al Masry,Haras El Hodood,2,2,hc,1.50,away,10.61,1
6DH7STmB,Al Masry,Haras El Hodood,2,2,hc,-1.50,home,2.03,1
6DH7STmB,Al Masry,Haras El Hodood,2,2,hc,-1.50,away,1.87,1
6DH7STmB,Al Masry,Haras El Hodood,2,2,hc,1.75,away,10.61,1
6DH7STmB,Al Masry,Haras El Hodood,2,2,hc,-1.75,home,2.29,1
6DH7STmB,Al Masry,Haras El Hodood,2,2,hc,-1.75,away,1.66,1
6DH7STmB,Al Masry,Haras El Hodood,2,2,hc,-2.00,home,2.67,1
6DH7STmB,Al Masry,Haras El Hodood,2,2,hc,-2.00,away,1.46,1
6DH7STmB,Al Masry,Haras El Hodood,2,2,hc,-2.25,home,2.94,1
6DH7STmB,Al Masry,Haras El Hodood,2,2,hc,-2.25,away,1.37,1
6DH7STmB,Al Masry,Haras El Hodood,2,2,hc,-2.50,home,3.21,1
6DH7STmB,Al Masry,Haras El Hodood,2,2,hc,-2.50,away,1.32,1
6DH7STmB,Al Masry,Haras El Hodood,2,2,hc,-2.75,home,4.11,1
6DH7STmB,Al Masry,Haras El Hodood,2,2,hc,-2.75,away,1.22,1
6DH7STmB,Al Masry,Haras El Hodood,2,2,hc,-3.00,home,5.87,1
6DH7STmB,Al Masry,Haras El Hodood,2,2,hc,-3.00,away,1.12,1
6DH7STmB,Al Masry,Haras El Hodood,2,2,hc,-3.25,home,6.26,1
6DH7STmB,Al Masry,Haras El Hodood,2,2,hc,-3.25,away,1.11,1
6DH7STmB,Al Masry,Haras El Hodood,2,2,hc,-3.50,home,6.42,1
6DH7STmB,Al Masry,Haras El Hodood,2,2,hc,-3.50,away,1.1,1
6DH7STmB,Al Masry,Haras El Hodood,2,2,hc,-3.75,home,6.8,1
6DH7STmB,Al Masry,Haras El Hodood,2,2,hc,-3.75,away,1.07,1
6DH7STmB,Al Masry,Haras El Hodood,2,2,hc,-4.00,home,7.66,1
6DH7STmB,Al Masry,Haras El Hodood,2,2,hc,-4.00,away,1.03,1
6DH7STmB,Al Masry,Haras El Hodood,2,2,hc,0.25,home,1.1,1
6DH7STmB,Al Masry,Haras El Hodood,2,2,hc,0.25,away,10.0,1
6DH7STmB,Al Masry,Haras El Hodood,2,2,hc,-0.25,home,1.24,1
6DH7STmB,Al Masry,Haras El Hodood,2,2,hc,-0.25,away,5.0,1
6DH7STmB,Al Masry,Haras El Hodood,2,2,dc,0,home/draw,1.09,1
6DH7STmB,Al Masry,Haras El Hodood,2,2,dc,0,home/away,1.21,1
6DH7STmB,Al Masry,Haras El Hodood,2,2,dc,0,draw/away,3.65,1
v1QjWBln,Ceramica Cleopatra,Pyramids,1,1,1x2,0,home,3.15,1
v1QjWBln,Ceramica Cleopatra,Pyramids,1,1,1x2,0,draw,3.4,1
v1QjWBln,Ceramica Cleopatra,Pyramids,1,1,1x2,0,away,2.52,1
v1QjWBln,Ceramica Cleopatra,Pyramids,1,1,ou,0.50,over,1.08,1
v1QjWBln,Ceramica Cleopatra,Pyramids,1,1,ou,0.50,under,12.0,1
v1QjWBln,Ceramica Cleopatra,Pyramids,1,1,ou,1.50,over,1.35,1
v1QjWBln,Ceramica Cleopatra,Pyramids,1,1,ou,1.50,under,3.75,1
v1QjWBln,Ceramica Cleopatra,Pyramids,1,1,ou,2.50,over,2.08,1
v1QjWBln,Ceramica Cleopatra,Pyramids,1,1,ou,2.50,under,1.9,1
v1QjWBln,Ceramica Cleopatra,Pyramids,1,1,ou,3.50,over,3.75,1
v1QjWBln,Ceramica Cleopatra,Pyramids,1,1,ou,3.50,under,1.34,1
v1QjWBln,Ceramica Cleopatra,Pyramids,1,1,ou,4.50,over,8.2,1
v1QjWBln,Ceramica Cleopatra,Pyramids,1,1,ou,4.50,under,1.12,1
v1QjWBln,Ceramica Cleopatra,Pyramids,1,1,ou,5.50,over,19.0,1
v1QjWBln,Ceramica Cleopatra,Pyramids,1,1,ou,5.50,under,1.04,1
v1QjWBln,Ceramica Cleopatra,Pyramids,1,1,ou,6.50,over,44.0,1
v1QjWBln,Ceramica Cleopatra,Pyramids,1,1,hc,0,home,2.23,1
v1QjWBln,Ceramica Cleopatra,Pyramids,1,1,hc,0,away,1.78,1
v1QjWBln,Ceramica Cleopatra,Pyramids,1,1,hc,0.50,home,1.64,1
v1QjWBln,Ceramica Cleopatra,Pyramids,1,1,hc,0.50,away,2.52,1
v1QjWBln,Ceramica Cleopatra,Pyramids,1,1,hc,-0.50,home,3.15,1
v1QjWBln,Ceramica Cleopatra,Pyramids,1,1,hc,-0.50,away,1.45,1
v1QjWBln,Ceramica Cleopatra,Pyramids,1,1,hc,0.75,home,1.45,1
v1QjWBln,Ceramica Cleopatra,Pyramids,1,1,hc,0.75,away,3.04,1
v1QjWBln,Ceramica Cleopatra,Pyramids,1,1,hc,-0.75,home,4.01,1
v1QjWBln,Ceramica Cleopatra,Pyramids,1,1,hc,-0.75,away,1.3,1
v1QjWBln,Ceramica Cleopatra,Pyramids,1,1,hc,1.00,home,1.26,1
v1QjWBln,Ceramica Cleopatra,Pyramids,1,1,hc,1.00,away,4.13,1
v1QjWBln,Ceramica Cleopatra,Pyramids,1,1,hc,-1.00,home,6.05,1
v1QjWBln,Ceramica Cleopatra,Pyramids,1,1,hc,-1.00,away,1.15,1
v1QjWBln,Ceramica Cleopatra,Pyramids,1,1,hc,1.25,home,1.22,1
v1QjWBln,Ceramica Cleopatra,Pyramids,1,1,hc,1.25,away,4.67,1
v1QjWBln,Ceramica Cleopatra,Pyramids,1,1,hc,-1.25,home,6.72,1
v1QjWBln,Ceramica Cleopatra,Pyramids,1,1,hc,-1.25,away,1.13,1
v1QjWBln,Ceramica Cleopatra,Pyramids,1,1,hc,1.50,home,1.19,1
v1QjWBln,Ceramica Cleopatra,Pyramids,1,1,hc,1.50,away,5.2,1
v1QjWBln,Ceramica Cleopatra,Pyramids,1,1,hc,-1.50,home,7.4,1
v1QjWBln,Ceramica Cleopatra,Pyramids,1,1,hc,-1.50,away,1.12,1
v1QjWBln,Ceramica Cleopatra,Pyramids,1,1,hc,1.75,home,1.12,1
v1QjWBln,Ceramica Cleopatra,Pyramids,1,1,hc,1.75,away,6.98,1
v1QjWBln,Ceramica Cleopatra,Pyramids,1,1,hc,-1.75,home,7.4,1
v1QjWBln,Ceramica Cleopatra,Pyramids,1,1,hc,-1.75,away,1.07,1
v1QjWBln,Ceramica Cleopatra,Pyramids,1,1,hc,2.00,home,1.05,1
v1QjWBln,Ceramica Cleopatra,Pyramids,1,1,hc,2.00,away,6.81,1
v1QjWBln,Ceramica Cleopatra,Pyramids,1,1,hc,2.25,home,1.05,1
v1QjWBln,Ceramica Cleopatra,Pyramids,1,1,hc,2.25,away,6.87,1
v1QjWBln,Ceramica Cleopatra,Pyramids,1,1,hc,2.50,home,1.05,1
v1QjWBln,Ceramica Cleopatra,Pyramids,1,1,hc,2.50,away,6.93,1
v1QjWBln,Ceramica Cleopatra,Pyramids,1,1,hc,2.75,home,1.02,1
v1QjWBln,Ceramica Cleopatra,Pyramids,1,1,hc,2.75,away,6.93,1
v1QjWBln,Ceramica Cleopatra,Pyramids,1,1,hc,3.00,away,6.93,1
v1QjWBln,Ceramica Cleopatra,Pyramids,1,1,hc,3.25,away,6.93,1
v1QjWBln,Ceramica Cleopatra,Pyramids,1,1,hc,3.50,home,1.03,1
v1QjWBln,Ceramica Cleopatra,Pyramids,1,1,hc,3.50,away,6.93,1
v1QjWBln,Ceramica Cleopatra,Pyramids,1,1,hc,3.75,away,6.93,1
v1QjWBln,Ceramica Cleopatra,Pyramids,1,1,hc,0.25,home,1.84,1
v1QjWBln,Ceramica Cleopatra,Pyramids,1,1,hc,0.25,away,2.15,1
v1QjWBln,Ceramica Cleopatra,Pyramids,1,1,hc,-0.25,home,2.69,1
v1QjWBln,Ceramica Cleopatra,Pyramids,1,1,hc,-0.25,away,1.57,1
v1QjWBln,Ceramica Cleopatra,Pyramids,1,1,dc,0,home/draw,1.64,1
v1QjWBln,Ceramica Cleopatra,Pyramids,1,1,dc,0,home/away,1.4,1
v1QjWBln,Ceramica Cleopatra,Pyramids,1,1,dc,0,draw/away,1.44,1
YaJaUkJb,Petrojet,National Bank Egypt,0,0,1x2,0,home,3.15,1
YaJaUkJb,Petrojet,National Bank Egypt,0,0,1x2,0,draw,3.7,1
YaJaUkJb,Petrojet,National Bank Egypt,0,0,1x2,0,away,2.38,1
YaJaUkJb,Petrojet,National Bank Egypt,0,0,ou,0.50,over,1.05,1
YaJaUkJb,Petrojet,National Bank Egypt,0,0,ou,0.50,under,18.5,1
YaJaUkJb,Petrojet,National Bank Egypt,0,0,ou,1.50,over,1.22,1
YaJaUkJb,Petrojet,National Bank Egypt,0,0,ou,1.50,under,5.5,1
YaJaUkJb,Petrojet,National Bank Egypt,0,0,ou,2.50,over,1.63,1
YaJaUkJb,Petrojet,National Bank Egypt,0,0,ou,2.50,under,2.52,1
YaJaUkJb,Petrojet,National Bank Egypt,0,0,ou,3.50,over,2.56,1
YaJaUkJb,Petrojet,National Bank Egypt,0,0,ou,3.50,under,1.6,1
YaJaUkJb,Petrojet,National Bank Egypt,0,0,ou,4.50,over,4.9,1
YaJaUkJb,Petrojet,National Bank Egypt,0,0,ou,4.50,under,1.24,1
YaJaUkJb,Petrojet,National Bank Egypt,0,0,ou,5.50,over,10.5,1
YaJaUkJb,Petrojet,National Bank Egypt,0,0,ou,5.50,under,1.09,1
YaJaUkJb,Petrojet,National Bank Egypt,0,0,ou,6.50,over,22.0,1
YaJaUkJb,Petrojet,National Bank Egypt,0,0,ou,6.50,under,1.03,1
YaJaUkJb,Petrojet,National Bank Egypt,0,0,ou,7.50,over,55.0,1
YaJaUkJb,Petrojet,National Bank Egypt,0,0,hc,0,home,2.31,1
YaJaUkJb,Petrojet,National Bank Egypt,0,0,hc,0,away,1.74,1
YaJaUkJb,Petrojet,National Bank Egypt,0,0,hc,0.50,home,1.71,1
YaJaUkJb,Petrojet,National Bank Egypt,0,0,hc,0.50,away,2.38,1
YaJaUkJb,Petrojet,National Bank Egypt,0,0,hc,-0.50,home,3.15,1
YaJaUkJb,Petrojet,National Bank Egypt,0,0,hc,-0.50,away,1.45,1
YaJaUkJb,Petrojet,National Bank Egypt,0,0,hc,0.75,home,1.53,1
YaJaUkJb,Petrojet,National Bank Egypt,0,0,hc,0.75,away,2.8,1
YaJaUkJb,Petrojet,National Bank Egypt,0,0,hc,-0.75,home,3.93,1
YaJaUkJb,Petrojet,National Bank Egypt,0,0,hc,-0.75,away,1.32,1
YaJaUkJb,Petrojet,National Bank Egypt,0,0,hc,1.00,home,1.35,1
YaJaUkJb,Petrojet,National Bank Egypt,0,0,hc,1.00,away,3.58,1
YaJaUkJb,Petrojet,National Bank Egypt,0,0,hc,-1.00,home,5.64,1
YaJaUkJb,Petrojet,National Bank Egypt,0,0,hc,-1.00,away,1.19,1
YaJaUkJb,Petrojet,National Bank Egypt,0,0,hc,1.25,home,1.3,1
YaJaUkJb,Petrojet,National Bank Egypt,0,0,hc,1.25,away,4.02,1
YaJaUkJb,Petrojet,National Bank Egypt,0,0,hc,-1.25,home,6.22,1
YaJaUkJb,Petrojet,National Bank Egypt,0,0,hc,-1.25,away,1.16,1
YaJaUkJb,Petrojet,National Bank Egypt,0,0,hc,1.50,home,1.26,1
YaJaUkJb,Petrojet,National Bank Egypt,0,0,hc,1.50,away,4.46,1
YaJaUkJb,Petrojet,National Bank Egypt,0,0,hc,-1.50,home,6.8,1
YaJaUkJb,Petrojet,National Bank Egypt,0,0,hc,-1.50,away,1.15,1
YaJaUkJb,Petrojet,National Bank Egypt,0,0,hc,1.75,home,1.18,1
YaJaUkJb,Petrojet,National Bank Egypt,0,0,hc,1.75,away,5.65,1
YaJaUkJb,Petrojet,National Bank Egypt,0,0,hc,-1.75,home,9.08,1
YaJaUkJb,Petrojet,National Bank Egypt,0,0,hc,-1.75,away,1.09,1
YaJaUkJb,Petrojet,National Bank Egypt,0,0,hc,2.00,home,1.11,1
YaJaUkJb,Petrojet,National Bank Egypt,0,0,hc,2.00,away,6.1,1
YaJaUkJb,Petrojet,National Bank Egypt,0,0,hc,-2.00,home,6.92,1
YaJaUkJb,Petrojet,National Bank Egypt,0,0,hc,-2.00,away,1.04,1
YaJaUkJb,Petrojet,National Bank Egypt,0,0,hc,2.25,home,1.1,1
YaJaUkJb,Petrojet,National Bank Egypt,0,0,hc,2.25,away,6.34,1
YaJaUkJb,Petrojet,National Bank Egypt,0,0,hc,-2.25,home,6.92,1
YaJaUkJb,Petrojet,National Bank Egypt,0,0,hc,-2.25,away,1.04,1
YaJaUkJb,Petrojet,National Bank Egypt,0,0,hc,2.50,home,1.09,1
YaJaUkJb,Petrojet,National Bank Egypt,0,0,hc,2.50,away,6.55,1
YaJaUkJb,Petrojet,National Bank Egypt,0,0,hc,-2.50,home,6.92,1
YaJaUkJb,Petrojet,National Bank Egypt,0,0,hc,-2.50,away,1.04,1
YaJaUkJb,Petrojet,National Bank Egypt,0,0,hc,2.75,home,1.05,1
YaJaUkJb,Petrojet,National Bank Egypt,0,0,hc,2.75,away,5.83,1
YaJaUkJb,Petrojet,National Bank Egypt,0,0,hc,-2.75,home,6.92,1
YaJaUkJb,Petrojet,National Bank Egypt,0,0,hc,-2.75,away,1.02,1
YaJaUkJb,Petrojet,National Bank Egypt,0,0,hc,0.25,home,1.92,1
YaJaUkJb,Petrojet,National Bank Egypt,0,0,hc,0.25,away,2.06,1
YaJaUkJb,Petrojet,National Bank Egypt,0,0,hc,-0.25,home,2.73,1
YaJaUkJb,Petrojet,National Bank Egypt,0,0,hc,-0.25,away,1.56,1
YaJaUkJb,Petrojet,National Bank Egypt,0,0,dc,0,home/draw,1.71,1
YaJaUkJb,Petrojet,National Bank Egypt,0,0,dc,0,home/away,1.35,1
YaJaUkJb,Petrojet,National Bank Egypt,0,0,dc,0,draw/away,1.45,1
jyA8k98j,Modern Sport,Al Ittihad,1,1,1x2,0,home,2.82,1
jyA8k98j,Modern Sport,Al Ittihad,1,1,1x2,0,draw,2.52,1
jyA8k98j,Modern Sport,Al Ittihad,1,1,1x2,0,away,3.9,1
jyA8k98j,Modern Sport,Al Ittihad,1,1,ou,0.50,over,1.26,1
jyA8k98j,Modern Sport,Al Ittihad,1,1,ou,0.50,under,4.6,1
jyA8k98j,Modern Sport,Al Ittihad,1,1,ou,1.50,over,2.04,1
jyA8k98j,Modern Sport,Al Ittihad,1,1,ou,1.50,under,1.9,1
jyA8k98j,Modern Sport,Al Ittihad,1,1,ou,2.50,over,4.5,1
jyA8k98j,Modern Sport,Al Ittihad,1,1,ou,2.50,under,1.27,1
jyA8k98j,Modern Sport,Al Ittihad,1,1,ou,3.50,over,12.0,1
jyA8k98j,Modern Sport,Al Ittihad,1,1,ou,3.50,under,1.08,1
jyA8k98j,Modern Sport,Al Ittihad,1,1,ou,4.50,over,34.0,1
jyA8k98j,Modern Sport,Al Ittihad,1,1,ou,4.50,under,1.02,1
jyA8k98j,Modern Sport,Al Ittihad,1,1,ou,5.50,over,50.0,1
jyA8k98j,Modern Sport,Al Ittihad,1,1,hc,0,home,1.71,1
jyA8k98j,Modern Sport,Al Ittihad,1,1,hc,0,away,2.32,1
jyA8k98j,Modern Sport,Al Ittihad,1,1,hc,0.50,home,1.33,1
jyA8k98j,Modern Sport,Al Ittihad,1,1,hc,0.50,away,3.8,1
jyA8k98j,Modern Sport,Al Ittihad,1,1,hc,-0.50,home,2.82,1
jyA8k98j,Modern Sport,Al Ittihad,1,1,hc,-0.50,away,1.52,1
jyA8k98j,Modern Sport,Al Ittihad,1,1,hc,0.75,home,1.19,1
jyA8k98j,Modern Sport,Al Ittihad,1,1,hc,0.75,away,4.47,1
jyA8k98j,Modern Sport,Al Ittihad,1,1,hc,-0.75,home,3.21,1
jyA8k98j,Modern Sport,Al Ittihad,1,1,hc,-0.75,away,1.3,1
jyA8k98j,Modern Sport,Al Ittihad,1,1,hc,1.00,home,1.04,1
jyA8k98j,Modern Sport,Al Ittihad,1,1,hc,1.00,away,5.58,1
jyA8k98j,Modern Sport,Al Ittihad,1,1,hc,-1.00,home,3.83,1
jyA8k98j,Modern Sport,Al Ittihad,1,1,hc,-1.00,away,1.09,1
jyA8k98j,Modern Sport,Al Ittihad,1,1,hc,1.25,home,1.04,1
jyA8k98j,Modern Sport,Al Ittihad,1,1,hc,1.25,away,5.89,1
jyA8k98j,Modern Sport,Al Ittihad,1,1,hc,-1.25,home,4.11,1
jyA8k98j,Modern Sport,Al Ittihad,1,1,hc,-1.25,away,1.07,1
jyA8k98j,Modern Sport,Al Ittihad,1,1,hc,1.50,home,1.03,1
jyA8k98j,Modern Sport,Al Ittihad,1,1,hc,1.50,away,6.2,1
jyA8k98j,Modern Sport,Al Ittihad,1,1,hc,-1.50,home,4.4,1
jyA8k98j,Modern Sport,Al Ittihad,1,1,hc,-1.50,away,1.06,1
jyA8k98j,Modern Sport,Al Ittihad,1,1,hc,1.75,away,6.2,1
jyA8k98j,Modern Sport,Al Ittihad,1,1,hc,-1.75,home,4.4,1
jyA8k98j,Modern Sport,Al Ittihad,1,1,hc,-1.75,away,1.03,1
jyA8k98j,Modern Sport,Al Ittihad,1,1,hc,-2.00,home,4.4,1
jyA8k98j,Modern Sport,Al Ittihad,1,1,hc,-2.00,away,1.05,1
jyA8k98j,Modern Sport,Al Ittihad,1,1,hc,-2.25,home,4.4,1
jyA8k98j,Modern Sport,Al Ittihad,1,1,hc,-2.25,away,1.04,1
jyA8k98j,Modern Sport,Al Ittihad,1,1,hc,-2.50,home,4.4,1
jyA8k98j,Modern Sport,Al Ittihad,1,1,hc,-2.50,away,1.04,1
jyA8k98j,Modern Sport,Al Ittihad,1,1,hc,-2.75,home,4.4,1
jyA8k98j,Modern Sport,Al Ittihad,1,1,hc,-2.75,away,1.02,1
jyA8k98j,Modern Sport,Al Ittihad,1,1,hc,0.25,home,1.45,1
jyA8k98j,Modern Sport,Al Ittihad,1,1,hc,0.25,away,3.05,1
jyA8k98j,Modern Sport,Al Ittihad,1,1,hc,-0.25,home,2.26,1
jyA8k98j,Modern Sport,Al Ittihad,1,1,hc,-0.25,away,1.75,1
jyA8k98j,Modern Sport,Al Ittihad,1,1,dc,0,home/draw,1.33,1
jyA8k98j,Modern Sport,Al Ittihad,1,1,dc,0,home/away,1.64,1
jyA8k98j,Modern Sport,Al Ittihad,1,1,dc,0,draw/away,1.52,1
WWneDC0c,El Gaish,Ghazl El Mahallah,1,1,1x2,0,home,2.88,1
WWneDC0c,El Gaish,Ghazl El Mahallah,1,1,1x2,0,draw,2.74,1
WWneDC0c,El Gaish,Ghazl El Mahallah,1,1,1x2,0,away,3.4,1
WWneDC0c,El Gaish,Ghazl El Mahallah,1,1,ou,0.50,over,1.18,1
WWneDC0c,El Gaish,Ghazl El Mahallah,1,1,ou,0.50,under,6.0,1
WWneDC0c,El Gaish,Ghazl El Mahallah,1,1,ou,1.50,over,1.69,1
WWneDC0c,El Gaish,Ghazl El Mahallah,1,1,ou,1.50,under,2.38,1
WWneDC0c,El Gaish,Ghazl El Mahallah,1,1,ou,2.50,over,3.25,1
WWneDC0c,El Gaish,Ghazl El Mahallah,1,1,ou,2.50,under,1.43,1
WWneDC0c,El Gaish,Ghazl El Mahallah,1,1,ou,3.50,over,7.6,1
WWneDC0c,El Gaish,Ghazl El Mahallah,1,1,ou,3.50,under,1.13,1
WWneDC0c,El Gaish,Ghazl El Mahallah,1,1,ou,4.50,over,18.0,1
WWneDC0c,El Gaish,Ghazl El Mahallah,1,1,ou,4.50,under,1.04,1
WWneDC0c,El Gaish,Ghazl El Mahallah,1,1,ou,5.50,over,50.0,1
WWneDC0c,El Gaish,Ghazl El Mahallah,1,1,ou,6.50,over,55.0,1
WWneDC0c,El Gaish,Ghazl El Mahallah,1,1,hc,0,home,1.76,1
WWneDC0c,El Gaish,Ghazl El Mahallah,1,1,hc,0,away,2.3,1
WWneDC0c,El Gaish,Ghazl El Mahallah,1,1,hc,0.50,home,1.38,1
WWneDC0c,El Gaish,Ghazl El Mahallah,1,1,hc,0.50,away,3.6,1
WWneDC0c,El Gaish,Ghazl El Mahallah,1,1,hc,-0.50,home,2.74,1
WWneDC0c,El Gaish,Ghazl El Mahallah,1,1,hc,-0.50,away,1.56,1
WWneDC0c,El Gaish,Ghazl El Mahallah,1,1,hc,0.75,home,1.21,1
WWneDC0c,El Gaish,Ghazl El Mahallah,1,1,hc,0.75,away,4.5,1
WWneDC0c,El Gaish,Ghazl El Mahallah,1,1,hc,-0.75,home,3.37,1
WWneDC0c,El Gaish,Ghazl El Mahallah,1,1,hc,-0.75,away,1.33,1
WWneDC0c,El Gaish,Ghazl El Mahallah,1,1,hc,1.00,home,1.05,1
WWneDC0c,El Gaish,Ghazl El Mahallah,1,1,hc,1.00,away,6.34,1
WWneDC0c,El Gaish,Ghazl El Mahallah,1,1,hc,-1.00,home,2.74,1
WWneDC0c,El Gaish,Ghazl El Mahallah,1,1,hc,-1.00,away,1.1,1
WWneDC0c,El Gaish,Ghazl El Mahallah,1,1,hc,1.25,home,1.04,1
WWneDC0c,El Gaish,Ghazl El Mahallah,1,1,hc,1.25,away,6.87,1
WWneDC0c,El Gaish,Ghazl El Mahallah,1,1,hc,-1.25,home,2.75,1
WWneDC0c,El Gaish,Ghazl El Mahallah,1,1,hc,-1.25,away,1.08,1
WWneDC0c,El Gaish,Ghazl El Mahallah,1,1,hc,1.50,home,1.04,1
WWneDC0c,El Gaish,Ghazl El Mahallah,1,1,hc,1.50,away,7.4,1
WWneDC0c,El Gaish,Ghazl El Mahallah,1,1,hc,-1.50,away,1.06,1
WWneDC0c,El Gaish,Ghazl El Mahallah,1,1,hc,1.75,home,1.02,1
WWneDC0c,El Gaish,Ghazl El Mahallah,1,1,hc,1.75,away,7.4,1
WWneDC0c,El Gaish,Ghazl El Mahallah,1,1,hc,-1.75,home,2.75,1
WWneDC0c,El Gaish,Ghazl El Mahallah,1,1,hc,-1.75,away,1.03,1
WWneDC0c,El Gaish,Ghazl El Mahallah,1,1,hc,-2.00,home,2.75,1
WWneDC0c,El Gaish,Ghazl El Mahallah,1,1,hc,-2.00,away,1.04,1
WWneDC0c,El Gaish,Ghazl El Mahallah,1,1,hc,-2.25,home,2.75,1
WWneDC0c,El Gaish,Ghazl El Mahallah,1,1,hc,-2.25,away,1.03,1
WWneDC0c,El Gaish,Ghazl El Mahallah,1,1,hc,-2.50,home,2.75,1
WWneDC0c,El Gaish,Ghazl El Mahallah,1,1,hc,-2.50,away,1.03,1
WWneDC0c,El Gaish,Ghazl El Mahallah,1,1,hc,-2.75,home,2.75,1
WWneDC0c,El Gaish,Ghazl El Mahallah,1,1,hc,0.25,home,1.5,1
WWneDC0c,El Gaish,Ghazl El Mahallah,1,1,hc,0.25,away,2.95,1
WWneDC0c,El Gaish,Ghazl El Mahallah,1,1,hc,-0.25,home,2.25,1
WWneDC0c,El Gaish,Ghazl El Mahallah,1,1,hc,-0.25,away,1.79,1
WWneDC0c,El Gaish,Ghazl El Mahallah,1,1,dc,0,home/draw,1.41,1
WWneDC0c,El Gaish,Ghazl El Mahallah,1,1,dc,0,home/away,1.56,1
WWneDC0c,El Gaish,Ghazl El Mahallah,1,1,dc,0,draw/away,1.52,1
KhJxeVpT,El Ismaily,El Gouna,3,3,1x2,0,home,2.94,1
KhJxeVpT,El Ismaily,El Gouna,3,3,1x2,0,draw,2.88,1
KhJxeVpT,El Ismaily,El Gouna,3,3,1x2,0,away,3.15,1
KhJxeVpT,El Ismaily,El Gouna,3,3,ou,0.50,over,1.16,1
KhJxeVpT,El Ismaily,El Gouna,3,3,ou,0.50,under,6.6,1
KhJxeVpT,El Ismaily,El Gouna,3,3,ou,1.50,over,1.65,1
KhJxeVpT,El Ismaily,El Gouna,3,3,ou,1.50,under,2.46,1
KhJxeVpT,El Ismaily,El Gouna,3,3,ou,2.50,over,3.05,1
KhJxeVpT,El Ismaily,El Gouna,3,3,ou,2.50,under,1.46,1
KhJxeVpT,El Ismaily,El Gouna,3,3,ou,3.50,over,6.6,1
KhJxeVpT,El Ismaily,El Gouna,3,3,ou,3.50,under,1.15,1
KhJxeVpT,El Ismaily,El Gouna,3,3,ou,4.50,over,17.5,1
KhJxeVpT,El Ismaily,El Gouna,3,3,ou,4.50,under,1.04,1
KhJxeVpT,El Ismaily,El Gouna,3,3,ou,5.50,over,34.0,1
KhJxeVpT,El Ismaily,El Gouna,3,3,ou,6.50,over,50.0,1
KhJxeVpT,El Ismaily,El Gouna,3,3,hc,0,home,1.91,1
KhJxeVpT,El Ismaily,El Gouna,3,3,hc,0,away,2.05,1
KhJxeVpT,El Ismaily,El Gouna,3,3,hc,0.50,home,1.45,1
KhJxeVpT,El Ismaily,El Gouna,3,3,hc,0.50,away,3.15,1
KhJxeVpT,El Ismaily,El Gouna,3,3,hc,-0.50,home,2.94,1
KhJxeVpT,El Ismaily,El Gouna,3,3,hc,-0.50,away,1.5,1
KhJxeVpT,El Ismaily,El Gouna,3,3,hc,0.75,home,1.27,1
KhJxeVpT,El Ismaily,El Gouna,3,3,hc,0.75,away,3.88,1
KhJxeVpT,El Ismaily,El Gouna,3,3,hc,-0.75,home,3.7,1
KhJxeVpT,El Ismaily,El Gouna,3,3,hc,-0.75,away,1.29,1
KhJxeVpT,El Ismaily,El Gouna,3,3,hc,1.00,home,1.08,1
KhJxeVpT,El Ismaily,El Gouna,3,3,hc,1.00,away,5.37,1
KhJxeVpT,El Ismaily,El Gouna,3,3,hc,-1.00,home,4.56,1
KhJxeVpT,El Ismaily,El Gouna,3,3,hc,-1.00,away,1.09,1
KhJxeVpT,El Ismaily,El Gouna,3,3,hc,1.25,home,1.06,1
KhJxeVpT,El Ismaily,El Gouna,3,3,hc,1.25,away,5.88,1
KhJxeVpT,El Ismaily,El Gouna,3,3,hc,-1.25,home,4.98,1
KhJxeVpT,El Ismaily,El Gouna,3,3,hc,-1.25,away,1.07,1
KhJxeVpT,El Ismaily,El Gouna,3,3,hc,1.50,home,1.05,1
KhJxeVpT,El Ismaily,El Gouna,3,3,hc,1.50,away,6.4,1
KhJxeVpT,El Ismaily,El Gouna,3,3,hc,-1.50,home,2.94,1
KhJxeVpT,El Ismaily,El Gouna,3,3,hc,-1.50,away,1.06,1
KhJxeVpT,El Ismaily,El Gouna,3,3,hc,1.75,home,1.02,1
KhJxeVpT,El Ismaily,El Gouna,3,3,hc,1.75,away,6.4,1
KhJxeVpT,El Ismaily,El Gouna,3,3,hc,-1.75,home,5.1,1
KhJxeVpT,El Ismaily,El Gouna,3,3,hc,-1.75,away,1.03,1
KhJxeVpT,El Ismaily,El Gouna,3,3,hc,0.25,home,1.61,1
KhJxeVpT,El Ismaily,El Gouna,3,3,hc,0.25,away,2.6,1
KhJxeVpT,El Ismaily,El Gouna,3,3,hc,-0.25,home,2.42,1
KhJxeVpT,El Ismaily,El Gouna,3,3,hc,-0.25,away,1.68,1
KhJxeVpT,El Ismaily,El Gouna,3,3,dc,0,home/draw,1.45,1
KhJxeVpT,El Ismaily,El Gouna,3,3,dc,0,home/away,1.52,1
KhJxeVpT,El Ismaily,El Gouna,3,3,dc,0,draw/away,1.5,1
EulxciGG,Enppi,ZED,1,1,1x2,0,home,4.7,1
EulxciGG,Enppi,ZED,1,1,1x2,0,draw,2.86,1
EulxciGG,Enppi,ZED,1,1,1x2,0,away,2.18,1
EulxciGG,Enppi,ZED,1,1,ou,0.50,over,1.17,1
EulxciGG,Enppi,ZED,1,1,ou,0.50,under,6.2,1
EulxciGG,Enppi,ZED,1,1,ou,1.50,over,1.69,1
EulxciGG,Enppi,ZED,1,1,ou,1.50,under,2.36,1
EulxciGG,Enppi,ZED,1,1,ou,2.50,over,3.25,1
EulxciGG,Enppi,ZED,1,1,ou,2.50,under,1.42,1
EulxciGG,Enppi,ZED,1,1,ou,3.50,over,7.4,1
EulxciGG,Enppi,ZED,1,1,ou,3.50,under,1.14,1
EulxciGG,Enppi,ZED,1,1,ou,4.50,over,20.0,1
EulxciGG,Enppi,ZED,1,1,ou,4.50,under,1.04,1
EulxciGG,Enppi,ZED,1,1,ou,5.50,over,55.0,1
EulxciGG,Enppi,ZED,1,1,hc,0,home,3.12,1
EulxciGG,Enppi,ZED,1,1,hc,0,away,1.43,1
EulxciGG,Enppi,ZED,1,1,hc,0.50,home,1.81,1
EulxciGG,Enppi,ZED,1,1,hc,0.50,away,2.18,1
EulxciGG,Enppi,ZED,1,1,hc,-0.50,home,4.7,1
EulxciGG,Enppi,ZED,1,1,hc,-0.50,away,1.25,1
EulxciGG,Enppi,ZED,1,1,hc,0.75,home,1.52,1
EulxciGG,Enppi,ZED,1,1,hc,0.75,away,2.56,1
EulxciGG,Enppi,ZED,1,1,hc,-0.75,home,4.7,1
EulxciGG,Enppi,ZED,1,1,hc,-0.75,away,1.12,1
EulxciGG,Enppi,ZED,1,1,hc,1.00,home,1.22,1
EulxciGG,Enppi,ZED,1,1,hc,1.00,away,3.3,1
EulxciGG,Enppi,ZED,1,1,hc,-1.00,home,4.71,1
EulxciGG,Enppi,ZED,1,1,hc,-1.00,away,1.18,1
EulxciGG,Enppi,ZED,1,1,hc,1.25,home,1.17,1
EulxciGG,Enppi,ZED,1,1,hc,1.25,away,3.74,1
EulxciGG,Enppi,ZED,1,1,hc,-1.25,home,4.72,1
EulxciGG,Enppi,ZED,1,1,hc,-1.25,away,1.15,1
EulxciGG,Enppi,ZED,1,1,hc,1.50,home,1.13,1
EulxciGG,Enppi,ZED,1,1,hc,1.50,away,4.18,1
EulxciGG,Enppi,ZED,1,1,hc,-1.50,home,4.72,1
EulxciGG,Enppi,ZED,1,1,hc,-1.50,away,1.13,1
EulxciGG,Enppi,ZED,1,1,hc,1.75,home,1.06,1
EulxciGG,Enppi,ZED,1,1,hc,1.75,away,4.18,1
EulxciGG,Enppi,ZED,1,1,hc,-1.75,home,4.72,1
EulxciGG,Enppi,ZED,1,1,hc,-1.75,away,1.07,1
EulxciGG,Enppi,ZED,1,1,hc,0.25,home,2.18,1
EulxciGG,Enppi,ZED,1,1,hc,0.25,away,1.81,1
EulxciGG,Enppi,ZED,1,1,hc,-0.25,home,3.92,1
EulxciGG,Enppi,ZED,1,1,hc,-0.25,away,1.31,1
EulxciGG,Enppi,ZED,1,1,dc,0,home/draw,1.81,1
EulxciGG,Enppi,ZED,1,1,dc,0,home/away,1.51,1
EulxciGG,Enppi,ZED,1,1,dc,0,draw/away,1.25,1
0fwPHCZh,National Bank Egypt,Al Masry,0,0,1x2,0,home,2.72,1
0fwPHCZh,National Bank Egypt,Al Masry,0,0,1x2,0,draw,3.25,1
0fwPHCZh,National Bank Egypt,Al Masry,0,0,1x2,0,away,2.98,1
0fwPHCZh,National Bank Egypt,Al Masry,0,0,ou,0.50,over,1.1,1
0fwPHCZh,National Bank Egypt,Al Masry,0,0,ou,0.50,under,9.6,1
0fwPHCZh,National Bank Egypt,Al Masry,0,0,ou,1.50,over,1.42,1
0fwPHCZh,National Bank Egypt,Al Masry,0,0,ou,1.50,under,3.2,1
0fwPHCZh,National Bank Egypt,Al Masry,0,0,ou,2.50,over,2.32,1
0fwPHCZh,National Bank Egypt,Al Masry,0,0,ou,2.50,under,1.72,1
0fwPHCZh,National Bank Egypt,Al Masry,0,0,ou,3.50,over,4.4,1
0fwPHCZh,National Bank Egypt,Al Masry,0,0,ou,3.50,under,1.27,1
0fwPHCZh,National Bank Egypt,Al Masry,0,0,ou,4.50,over,10.0,1
0fwPHCZh,National Bank Egypt,Al Masry,0,0,ou,4.50,under,1.09,1
0fwPHCZh,National Bank Egypt,Al Masry,0,0,ou,5.50,over,26.0,1
0fwPHCZh,National Bank Egypt,Al Masry,0,0,ou,5.50,under,1.03,1
0fwPHCZh,National Bank Egypt,Al Masry,0,0,ou,6.50,over,55.0,1
0fwPHCZh,National Bank Egypt,Al Masry,0,0,hc,0,home,1.79,1
0fwPHCZh,National Bank Egypt,Al Masry,0,0,hc,0,away,2.19,1
0fwPHCZh,National Bank Egypt,Al Masry,0,0,hc,0.50,home,1.44,1
0fwPHCZh,National Bank Egypt,Al Masry,0,0,hc,0.50,away,3.15,1
0fwPHCZh,National Bank Egypt,Al Masry,0,0,hc,-0.50,home,2.58,1
0fwPHCZh,National Bank Egypt,Al Masry,0,0,hc,-0.50,away,1.6,1
0fwPHCZh,National Bank Egypt,Al Masry,0,0,hc,0.75,home,1.24,1
0fwPHCZh,National Bank Egypt,Al Masry,0,0,hc,0.75,away,3.77,1
0fwPHCZh,National Bank Egypt,Al Masry,0,0,hc,-0.75,home,3.08,1
0fwPHCZh,National Bank Egypt,Al Masry,0,0,hc,-0.75,away,1.33,1
0fwPHCZh,National Bank Egypt,Al Masry,0,0,hc,1.00,home,1.04,1
0fwPHCZh,National Bank Egypt,Al Masry,0,0,hc,1.00,away,4.9,1
0fwPHCZh,National Bank Egypt,Al Masry,0,0,hc,-1.00,home,4.07,1
0fwPHCZh,National Bank Egypt,Al Masry,0,0,hc,-1.00,away,1.06,1
0fwPHCZh,National Bank Egypt,Al Masry,0,0,hc,1.25,home,1.04,1
0fwPHCZh,National Bank Egypt,Al Masry,0,0,hc,1.25,away,5.31,1
0fwPHCZh,National Bank Egypt,Al Masry,0,0,hc,-1.25,home,4.55,1
0fwPHCZh,National Bank Egypt,Al Masry,0,0,hc,-1.25,away,1.05,1
0fwPHCZh,National Bank Egypt,Al Masry,0,0,hc,1.50,home,1.03,1
0fwPHCZh,National Bank Egypt,Al Masry,0,0,hc,1.50,away,5.72,1
0fwPHCZh,National Bank Egypt,Al Masry,0,0,hc,-1.50,home,5.02,1
0fwPHCZh,National Bank Egypt,Al Masry,0,0,hc,-1.50,away,1.04,1
0fwPHCZh,National Bank Egypt,Al Masry,0,0,hc,1.75,away,5.72,1
0fwPHCZh,National Bank Egypt,Al Masry,0,0,hc,-1.75,home,5.02,1
0fwPHCZh,National Bank Egypt,Al Masry,0,0,hc,-1.75,away,1.02,1
0fwPHCZh,National Bank Egypt,Al Masry,0,0,hc,-2.00,home,5.02,1
0fwPHCZh,National Bank Egypt,Al Masry,0,0,hc,-2.00,away,1.04,1
0fwPHCZh,National Bank Egypt,Al Masry,0,0,hc,-2.25,home,5.02,1
0fwPHCZh,National Bank Egypt,Al Masry,0,0,hc,-2.25,away,1.04,1
0fwPHCZh,National Bank Egypt,Al Masry,0,0,hc,-2.50,home,5.02,1
0fwPHCZh,National Bank Egypt,Al Masry,0,0,hc,-2.50,away,1.04,1
0fwPHCZh,National Bank Egypt,Al Masry,0,0,hc,-2.75,home,5.02,1
0fwPHCZh,National Bank Egypt,Al Masry,0,0,hc,-2.75,away,1.02,1
0fwPHCZh,National Bank Egypt,Al Masry,0,0,hc,0.25,home,1.56,1
0fwPHCZh,National Bank Egypt,Al Masry,0,0,hc,0.25,away,2.67,1
0fwPHCZh,National Bank Egypt,Al Masry,0,0,hc,-0.25,home,2.18,1
0fwPHCZh,National Bank Egypt,Al Masry,0,0,hc,-0.25,away,1.81,1
0fwPHCZh,National Bank Egypt,Al Masry,0,0,dc,0,home/draw,1.49,1
0fwPHCZh,National Bank Egypt,Al Masry,0,0,dc,0,home/away,1.42,1
0fwPHCZh,National Bank Egypt,Al Masry,0,0,dc,0,draw/away,1.56,1
SMdYDUYH,Ceramica Cleopatra,Haras El Hodood,2,2,1x2,0,home,1.28,1
SMdYDUYH,Ceramica Cleopatra,Haras El Hodood,2,2,1x2,0,draw,6.0,1
SMdYDUYH,Ceramica Cleopatra,Haras El Hodood,2,2,1x2,0,away,16.0,1
SMdYDUYH,Ceramica Cleopatra,Haras El Hodood,2,2,ou,0.50,over,1.05,1
SMdYDUYH,Ceramica Cleopatra,Haras El Hodood,2,2,ou,0.50,under,16.0,1
SMdYDUYH,Ceramica Cleopatra,Haras El Hodood,2,2,ou,1.50,over,1.27,1
SMdYDUYH,Ceramica Cleopatra,Haras El Hodood,2,2,ou,1.50,under,4.4,1
SMdYDUYH,Ceramica Cleopatra,Haras El Hodood,2,2,ou,2.50,over,1.84,1
SMdYDUYH,Ceramica Cleopatra,Haras El Hodood,2,2,ou,2.50,under,2.16,1
SMdYDUYH,Ceramica Cleopatra,Haras El Hodood,2,2,ou,3.50,over,3.05,1
SMdYDUYH,Ceramica Cleopatra,Haras El Hodood,2,2,ou,3.50,under,1.45,1
SMdYDUYH,Ceramica Cleopatra,Haras El Hodood,2,2,ou,4.50,over,6.2,1
SMdYDUYH,Ceramica Cleopatra,Haras El Hodood,2,2,ou,4.50,under,1.17,1
SMdYDUYH,Ceramica Cleopatra,Haras El Hodood,2,2,ou,5.50,over,14.0,1
SMdYDUYH,Ceramica Cleopatra,Haras El Hodood,2,2,ou,5.50,under,1.06,1
SMdYDUYH,Ceramica Cleopatra,Haras El Hodood,2,2,ou,6.50,over,34.0,1
SMdYDUYH,Ceramica Cleopatra,Haras El Hodood,2,2,ou,6.50,under,1.02,1
SMdYDUYH,Ceramica Cleopatra,Haras El Hodood,2,2,hc,0,home,1.07,1
SMdYDUYH,Ceramica Cleopatra,Haras El Hodood,2,2,hc,0,away,13.33,1
SMdYDUYH,Ceramica Cleopatra,Haras El Hodood,2,2,hc,0.50,home,1.06,1
SMdYDUYH,Ceramica Cleopatra,Haras El Hodood,2,2,hc,0.50,away,16.0,1
SMdYDUYH,Ceramica Cleopatra,Haras El Hodood,2,2,hc,-0.50,home,1.28,1
SMdYDUYH,Ceramica Cleopatra,Haras El Hodood,2,2,hc,-0.50,away,4.36,1
SMdYDUYH,Ceramica Cleopatra,Haras El Hodood,2,2,hc,0.75,home,1.03,1
SMdYDUYH,Ceramica Cleopatra,Haras El Hodood,2,2,hc,0.75,away,21.0,1
SMdYDUYH,Ceramica Cleopatra,Haras El Hodood,2,2,hc,-0.75,home,1.33,1
SMdYDUYH,Ceramica Cleopatra,Haras El Hodood,2,2,hc,-0.75,away,3.8,1
SMdYDUYH,Ceramica Cleopatra,Haras El Hodood,2,2,hc,1.00,away,29.33,1
SMdYDUYH,Ceramica Cleopatra,Haras El Hodood,2,2,hc,-1.00,home,1.41,1
SMdYDUYH,Ceramica Cleopatra,Haras El Hodood,2,2,hc,-1.00,away,3.24,1
SMdYDUYH,Ceramica Cleopatra,Haras El Hodood,2,2,hc,1.25,away,29.77,1
SMdYDUYH,Ceramica Cleopatra,Haras El Hodood,2,2,hc,-1.25,home,1.62,1
SMdYDUYH,Ceramica Cleopatra,Haras El Hodood,2,2,hc,-1.25,away,2.44,1
SMdYDUYH,Ceramica Cleopatra,Haras El Hodood,2,2,hc,1.50,away,30.22,1
SMdYDUYH,Ceramica Cleopatra,Haras El Hodood,2,2,hc,-1.50,home,1.84,1
SMdYDUYH,Ceramica Cleopatra,Haras El Hodood,2,2,hc,-1.50,away,2.04,1
SMdYDUYH,Ceramica Cleopatra,Haras El Hodood,2,2,hc,1.75,away,30.22,1
SMdYDUYH,Ceramica Cleopatra,Haras El Hodood,2,2,hc,-1.75,home,2.06,1
SMdYDUYH,Ceramica Cleopatra,Haras El Hodood,2,2,hc,-1.75,away,1.83,1
SMdYDUYH,Ceramica Cleopatra,Haras El Hodood,2,2,hc,-2.00,home,2.38,1
SMdYDUYH,Ceramica Cleopatra,Haras El Hodood,2,2,hc,-2.00,away,1.59,1
SMdYDUYH,Ceramica Cleopatra,Haras El Hodood,2,2,hc,-2.25,home,2.66,1
SMdYDUYH,Ceramica Cleopatra,Haras El Hodood,2,2,hc,-2.25,away,1.47,1
SMdYDUYH,Ceramica Cleopatra,Haras El Hodood,2,2,hc,-2.50,home,2.89,1
SMdYDUYH,Ceramica Cleopatra,Haras El Hodood,2,2,hc,-2.50,away,1.4,1
SMdYDUYH,Ceramica Cleopatra,Haras El Hodood,2,2,hc,-2.75,home,3.7,1
SMdYDUYH,Ceramica Cleopatra,Haras El Hodood,2,2,hc,-2.75,away,1.27,1
SMdYDUYH,Ceramica Cleopatra,Haras El Hodood,2,2,hc,-3.00,home,4.91,1
SMdYDUYH,Ceramica Cleopatra,Haras El Hodood,2,2,hc,-3.00,away,1.15,1
SMdYDUYH,Ceramica Cleopatra,Haras El Hodood,2,2,hc,-3.25,home,5.26,1
SMdYDUYH,Ceramica Cleopatra,Haras El Hodood,2,2,hc,-3.25,away,1.13,1
SMdYDUYH,Ceramica Cleopatra,Haras El Hodood,2,2,hc,-3.50,home,5.48,1
SMdYDUYH,Ceramica Cleopatra,Haras El Hodood,2,2,hc,-3.50,away,1.12,1
SMdYDUYH,Ceramica Cleopatra,Haras El Hodood,2,2,hc,-3.75,home,5.76,1
SMdYDUYH,Ceramica Cleopatra,Haras El Hodood,2,2,hc,-3.75,away,1.08,1
SMdYDUYH,Ceramica Cleopatra,Haras El Hodood,2,2,hc,-4.00,home,8.14,1
SMdYDUYH,Ceramica Cleopatra,Haras El Hodood,2,2,hc,-4.00,away,1.04,1
SMdYDUYH,Ceramica Cleopatra,Haras El Hodood,2,2,hc,0.25,home,1.06,1
SMdYDUYH,Ceramica Cleopatra,Haras El Hodood,2,2,hc,0.25,away,14.66,1
SMdYDUYH,Ceramica Cleopatra,Haras El Hodood,2,2,hc,-0.25,home,1.17,1
SMdYDUYH,Ceramica Cleopatra,Haras El Hodood,2,2,hc,-0.25,away,6.28,1
SMdYDUYH,Ceramica Cleopatra,Haras El Hodood,2,2,dc,0,home/draw,1.06,1
SMdYDUYH,Ceramica Cleopatra,Haras El Hodood,2,2,dc,0,home/away,1.19,1
SMdYDUYH,Ceramica Cleopatra,Haras El Hodood,2,2,dc,0,draw/away,4.3,1
KdgQFj45,Petrojet,Zamalek,1,1,1x2,0,home,4.4,1
KdgQFj45,Petrojet,Zamalek,1,1,1x2,0,draw,3.5,1
KdgQFj45,Petrojet,Zamalek,1,1,1x2,0,away,2.04,1
KdgQFj45,Petrojet,Zamalek,1,1,ou,0.50,over,1.09,1
KdgQFj45,Petrojet,Zamalek,1,1,ou,0.50,under,12.0,1
KdgQFj45,Petrojet,Zamalek,1,1,ou,1.50,over,1.37,1
KdgQFj45,Petrojet,Zamalek,1,1,ou,1.50,under,3.6,1
KdgQFj45,Petrojet,Zamalek,1,1,ou,2.50,over,2.1,1
KdgQFj45,Petrojet,Zamalek,1,1,ou,2.50,under,1.87,1
KdgQFj45,Petrojet,Zamalek,1,1,ou,3.50,over,3.8,1
KdgQFj45,Petrojet,Zamalek,1,1,ou,3.50,under,1.33,1
KdgQFj45,Petrojet,Zamalek,1,1,ou,4.50,over,8.6,1
KdgQFj45,Petrojet,Zamalek,1,1,ou,4.50,under,1.12,1
KdgQFj45,Petrojet,Zamalek,1,1,ou,5.50,over,20.0,1
KdgQFj45,Petrojet,Zamalek,1,1,ou,5.50,under,1.04,1
KdgQFj45,Petrojet,Zamalek,1,1,ou,6.50,over,50.0,1
KdgQFj45,Petrojet,Zamalek,1,1,hc,0,home,3.14,1
KdgQFj45,Petrojet,Zamalek,1,1,hc,0,away,1.45,1
KdgQFj45,Petrojet,Zamalek,1,1,hc,0.50,home,1.94,1
KdgQFj45,Petrojet,Zamalek,1,1,hc,0.50,away,2.04,1
KdgQFj45,Petrojet,Zamalek,1,1,hc,-0.50,home,4.4,1
KdgQFj45,Petrojet,Zamalek,1,1,hc,-0.50,away,1.28,1
KdgQFj45,Petrojet,Zamalek,1,1,hc,0.75,home,1.69,1
KdgQFj45,Petrojet,Zamalek,1,1,hc,0.75,away,2.37,1
KdgQFj45,Petrojet,Zamalek,1,1,hc,-0.75,home,5.97,1
KdgQFj45,Petrojet,Zamalek,1,1,hc,-0.75,away,1.18,1
KdgQFj45,Petrojet,Zamalek,1,1,hc,1.00,home,1.45,1
KdgQFj45,Petrojet,Zamalek,1,1,hc,1.00,away,3.02,1
KdgQFj45,Petrojet,Zamalek,1,1,hc,-1.00,home,10.27,1
KdgQFj45,Petrojet,Zamalek,1,1,hc,-1.00,away,1.08,1
KdgQFj45,Petrojet,Zamalek,1,1,hc,1.25,home,1.35,1
KdgQFj45,Petrojet,Zamalek,1,1,hc,1.25,away,3.49,1
KdgQFj45,Petrojet,Zamalek,1,1,hc,-1.25,home,11.13,1
KdgQFj45,Petrojet,Zamalek,1,1,hc,-1.25,away,1.07,1
KdgQFj45,Petrojet,Zamalek,1,1,hc,1.50,home,1.29,1
KdgQFj45,Petrojet,Zamalek,1,1,hc,1.50,away,3.96,1
KdgQFj45,Petrojet,Zamalek,1,1,hc,-1.50,home,12.0,1
KdgQFj45,Petrojet,Zamalek,1,1,hc,-1.50,away,1.07,1
KdgQFj45,Petrojet,Zamalek,1,1,hc,1.75,home,1.19,1
KdgQFj45,Petrojet,Zamalek,1,1,hc,1.75,away,4.99,1
KdgQFj45,Petrojet,Zamalek,1,1,hc,-1.75,home,12.0,1
KdgQFj45,Petrojet,Zamalek,1,1,hc,-1.75,away,1.04,1
KdgQFj45,Petrojet,Zamalek,1,1,hc,2.00,home,1.09,1
KdgQFj45,Petrojet,Zamalek,1,1,hc,2.00,away,7.0,1
KdgQFj45,Petrojet,Zamalek,1,1,hc,2.25,home,1.09,1
KdgQFj45,Petrojet,Zamalek,1,1,hc,2.25,away,7.25,1
KdgQFj45,Petrojet,Zamalek,1,1,hc,2.50,home,1.08,1
KdgQFj45,Petrojet,Zamalek,1,1,hc,2.50,away,7.62,1
KdgQFj45,Petrojet,Zamalek,1,1,hc,2.75,home,1.05,1
KdgQFj45,Petrojet,Zamalek,1,1,hc,2.75,away,7.78,1
KdgQFj45,Petrojet,Zamalek,1,1,hc,3.00,home,1.04,1
KdgQFj45,Petrojet,Zamalek,1,1,hc,3.00,away,7.78,1
KdgQFj45,Petrojet,Zamalek,1,1,hc,3.25,home,1.03,1
KdgQFj45,Petrojet,Zamalek,1,1,hc,3.25,away,7.78,1
KdgQFj45,Petrojet,Zamalek,1,1,hc,3.50,home,1.03,1
KdgQFj45,Petrojet,Zamalek,1,1,hc,3.50,away,7.78,1
KdgQFj45,Petrojet,Zamalek,1,1,hc,3.75,away,7.78,1
KdgQFj45,Petrojet,Zamalek,1,1,hc,0.25,home,2.31,1
KdgQFj45,Petrojet,Zamalek,1,1,hc,0.25,away,1.74,1
KdgQFj45,Petrojet,Zamalek,1,1,hc,-0.25,home,3.77,1
KdgQFj45,Petrojet,Zamalek,1,1,hc,-0.25,away,1.35,1
KdgQFj45,Petrojet,Zamalek,1,1,dc,0,home/draw,1.94,1
KdgQFj45,Petrojet,Zamalek,1,1,dc,0,home/away,1.39,1
KdgQFj45,Petrojet,Zamalek,1,1,dc,0,draw/away,1.28,1
StuHJY4t,Pharco,Haras El Hodood,0,0,1x2,0,home,2.34,1
StuHJY4t,Pharco,Haras El Hodood,0,0,1x2,0,draw,3.0,1
StuHJY4t,Pharco,Haras El Hodood,0,0,1x2,0,away,3.85,1
StuHJY4t,Pharco,Haras El Hodood,0,0,ou,0.50,over,1.12,1
StuHJY4t,Pharco,Haras El Hodood,0,0,ou,0.50,under,8.8,1
StuHJY4t,Pharco,Haras El Hodood,0,0,ou,1.50,over,1.47,1
StuHJY4t,Pharco,Haras El Hodood,0,0,ou,1.50,under,3.0,1
StuHJY4t,Pharco,Haras El Hodood,0,0,ou,2.50,over,2.46,1
StuHJY4t,Pharco,Haras El Hodood,0,0,ou,2.50,under,1.66,1
StuHJY4t,Pharco,Haras El Hodood,0,0,ou,3.50,over,4.9,1
StuHJY4t,Pharco,Haras El Hodood,0,0,ou,3.50,under,1.24,1
StuHJY4t,Pharco,Haras El Hodood,0,0,ou,4.50,over,12.0,1
StuHJY4t,Pharco,Haras El Hodood,0,0,ou,4.50,under,1.08,1
StuHJY4t,Pharco,Haras El Hodood,0,0,ou,5.50,over,28.0,1
StuHJY4t,Pharco,Haras El Hodood,0,0,ou,5.50,under,1.02,1
StuHJY4t,Pharco,Haras El Hodood,0,0,hc,0,home,1.58,1
StuHJY4t,Pharco,Haras El Hodood,0,0,hc,0,away,2.63,1
StuHJY4t,Pharco,Haras El Hodood,0,0,hc,0.50,home,1.32,1
StuHJY4t,Pharco,Haras El Hodood,0,0,hc,0.50,away,3.85,1
StuHJY4t,Pharco,Haras El Hodood,0,0,hc,-0.50,home,2.34,1
StuHJY4t,Pharco,Haras El Hodood,0,0,hc,-0.50,away,1.72,1
StuHJY4t,Pharco,Haras El Hodood,0,0,hc,0.75,home,1.21,1
StuHJY4t,Pharco,Haras El Hodood,0,0,hc,0.75,away,5.22,1
StuHJY4t,Pharco,Haras El Hodood,0,0,hc,-0.75,home,2.82,1
StuHJY4t,Pharco,Haras El Hodood,0,0,hc,-0.75,away,1.51,1
StuHJY4t,Pharco,Haras El Hodood,0,0,hc,1.00,home,1.09,1
StuHJY4t,Pharco,Haras El Hodood,0,0,hc,1.00,away,9.17,1
StuHJY4t,Pharco,Haras El Hodood,0,0,hc,-1.00,home,3.86,1
StuHJY4t,Pharco,Haras El Hodood,0,0,hc,-1.00,away,1.31,1
StuHJY4t,Pharco,Haras El Hodood,0,0,hc,1.25,home,1.08,1
StuHJY4t,Pharco,Haras El Hodood,0,0,hc,1.25,away,10.08,1
StuHJY4t,Pharco,Haras El Hodood,0,0,hc,-1.25,home,4.43,1
StuHJY4t,Pharco,Haras El Hodood,0,0,hc,-1.25,away,1.25,1
StuHJY4t,Pharco,Haras El Hodood,0,0,hc,1.50,home,1.08,1
StuHJY4t,Pharco,Haras El Hodood,0,0,hc,1.50,away,11.0,1
StuHJY4t,Pharco,Haras El Hodood,0,0,hc,-1.50,home,4.99,1
StuHJY4t,Pharco,Haras El Hodood,0,0,hc,-1.50,away,1.22,1
StuHJY4t,Pharco,Haras El Hodood,0,0,hc,1.75,home,1.04,1
StuHJY4t,Pharco,Haras El Hodood,0,0,hc,1.75,away,11.0,1
StuHJY4t,Pharco,Haras El Hodood,0,0,hc,-1.75,home,6.94,1
StuHJY4t,Pharco,Haras El Hodood,0,0,hc,-1.75,away,1.14,1
StuHJY4t,Pharco,Haras El Hodood,0,0,hc,-2.00,home,5.09,1
StuHJY4t,Pharco,Haras El Hodood,0,0,hc,-2.00,away,1.06,1
StuHJY4t,Pharco,Haras El Hodood,0,0,hc,-2.25,home,5.09,1
StuHJY4t,Pharco,Haras El Hodood,0,0,hc,-2.25,away,1.06,1
StuHJY4t,Pharco,Haras El Hodood,0,0,hc,-2.50,home,5.09,1
StuHJY4t,Pharco,Haras El Hodood,0,0,hc,-2.50,away,1.06,1
StuHJY4t,Pharco,Haras El Hodood,0,0,hc,-2.75,home,5.09,1
StuHJY4t,Pharco,Haras El Hodood,0,0,hc,-2.75,away,1.03,1
StuHJY4t,Pharco,Haras El Hodood,0,0,hc,0.25,home,1.41,1
StuHJY4t,Pharco,Haras El Hodood,0,0,hc,0.25,away,3.23,1
StuHJY4t,Pharco,Haras El Hodood,0,0,hc,-0.25,home,1.97,1
StuHJY4t,Pharco,Haras El Hodood,0,0,hc,-0.25,away,2.0,1
StuHJY4t,Pharco,Haras El Hodood,0,0,dc,0,home/draw,1.32,1
StuHJY4t,Pharco,Haras El Hodood,0,0,dc,0,home/away,1.47,1
StuHJY4t,Pharco,Haras El Hodood,0,0,dc,0,draw/away,1.72,1
tj6b1ikC,Al Ahly,National Bank Egypt,2,2,1x2,0,home,1.61,1
tj6b1ikC,Al Ahly,National Bank Egypt,2,2,1x2,0,draw,3.9,1
tj6b1ikC,Al Ahly,National Bank Egypt,2,2,1x2,0,away,7.6,1
tj6b1ikC,Al Ahly,National Bank Egypt,2,2,ou,0.50,over,1.08,1
tj6b1ikC,Al Ahly,National Bank Egypt,2,2,ou,0.50,under,12.0,1
tj6b1ikC,Al Ahly,National Bank Egypt,2,2,ou,1.50,over,1.37,1
tj6b1ikC,Al Ahly,National Bank Egypt,2,2,ou,1.50,under,3.5,1
tj6b1ikC,Al Ahly,National Bank Egypt,2,2,ou,2.50,over,2.16,1
tj6b1ikC,Al Ahly,National Bank Egypt,2,2,ou,2.50,under,1.82,1
tj6b1ikC,Al Ahly,National Bank Egypt,2,2,ou,3.50,over,3.95,1
tj6b1ikC,Al Ahly,National Bank Egypt,2,2,ou,3.50,under,1.32,1
tj6b1ikC,Al Ahly,National Bank Egypt,2,2,ou,4.50,over,9.0,1
tj6b1ikC,Al Ahly,National Bank Egypt,2,2,ou,4.50,under,1.11,1
tj6b1ikC,Al Ahly,National Bank Egypt,2,2,ou,5.50,over,21.0,1
tj6b1ikC,Al Ahly,National Bank Egypt,2,2,ou,5.50,under,1.03,1
tj6b1ikC,Al Ahly,National Bank Egypt,2,2,ou,6.50,over,48.0,1
tj6b1ikC,Al Ahly,National Bank Egypt,2,2,hc,0,home,1.2,1
tj6b1ikC,Al Ahly,National Bank Egypt,2,2,hc,0,away,5.66,1
tj6b1ikC,Al Ahly,National Bank Egypt,2,2,hc,0.50,home,1.14,1
tj6b1ikC,Al Ahly,National Bank Egypt,2,2,hc,0.50,away,7.6,1
tj6b1ikC,Al Ahly,National Bank Egypt,2,2,hc,-0.50,home,1.61,1
tj6b1ikC,Al Ahly,National Bank Egypt,2,2,hc,-0.50,away,2.58,1
tj6b1ikC,Al Ahly,National Bank Egypt,2,2,hc,0.75,home,1.09,1
tj6b1ikC,Al Ahly,National Bank Egypt,2,2,hc,0.75,away,10.85,1
tj6b1ikC,Al Ahly,National Bank Egypt,2,2,hc,-0.75,home,1.77,1
tj6b1ikC,Al Ahly,National Bank Egypt,2,2,hc,-0.75,away,2.22,1
tj6b1ikC,Al Ahly,National Bank Egypt,2,2,hc,1.00,home,1.03,1
tj6b1ikC,Al Ahly,National Bank Egypt,2,2,hc,1.00,away,20.46,1
tj6b1ikC,Al Ahly,National Bank Egypt,2,2,hc,-1.00,home,2.06,1
tj6b1ikC,Al Ahly,National Bank Egypt,2,2,hc,-1.00,away,1.86,1
tj6b1ikC,Al Ahly,National Bank Egypt,2,2,hc,1.25,home,1.03,1
tj6b1ikC,Al Ahly,National Bank Egypt,2,2,hc,1.25,away,21.43,1
tj6b1ikC,Al Ahly,National Bank Egypt,2,2,hc,-1.25,home,2.44,1
tj6b1ikC,Al Ahly,National Bank Egypt,2,2,hc,-1.25,away,1.62,1
tj6b1ikC,Al Ahly,National Bank Egypt,2,2,hc,1.50,home,1.03,1
tj6b1ikC,Al Ahly,National Bank Egypt,2,2,hc,1.50,away,22.41,1
tj6b1ikC,Al Ahly,National Bank Egypt,2,2,hc,-1.50,home,2.82,1
tj6b1ikC,Al Ahly,National Bank Egypt,2,2,hc,-1.50,away,1.49,1
tj6b1ikC,Al Ahly,National Bank Egypt,2,2,hc,1.75,away,22.41,1
tj6b1ikC,Al Ahly,National Bank Egypt,2,2,hc,-1.75,home,3.31,1
tj6b1ikC,Al Ahly,National Bank Egypt,2,2,hc,-1.75,away,1.35,1
tj6b1ikC,Al Ahly,National Bank Egypt,2,2,hc,-2.00,home,4.19,1
tj6b1ikC,Al Ahly,National Bank Egypt,2,2,hc,-2.00,away,1.21,1
tj6b1ikC,Al Ahly,National Bank Egypt,2,2,hc,-2.25,home,4.54,1
tj6b1ikC,Al Ahly,National Bank Egypt,2,2,hc,-2.25,away,1.19,1
tj6b1ikC,Al Ahly,National Bank Egypt,2,2,hc,-2.50,home,4.89,1
tj6b1ikC,Al Ahly,National Bank Egypt,2,2,hc,-2.50,away,1.17,1
tj6b1ikC,Al Ahly,National Bank Egypt,2,2,hc,-2.75,home,6.45,1
tj6b1ikC,Al Ahly,National Bank Egypt,2,2,hc,-2.75,away,1.11,1
tj6b1ikC,Al Ahly,National Bank Egypt,2,2,hc,-3.00,home,9.76,1
tj6b1ikC,Al Ahly,National Bank Egypt,2,2,hc,-3.00,away,1.06,1
tj6b1ikC,Al Ahly,National Bank Egypt,2,2,hc,-3.25,home,10.38,1
tj6b1ikC,Al Ahly,National Bank Egypt,2,2,hc,-3.25,away,1.05,1
tj6b1ikC,Al Ahly,National Bank Egypt,2,2,hc,-3.50,home,11.0,1
tj6b1ikC,Al Ahly,National Bank Egypt,2,2,hc,-3.50,away,1.05,1
tj6b1ikC,Al Ahly,National Bank Egypt,2,2,hc,-3.75,home,11.0,1
tj6b1ikC,Al Ahly,National Bank Egypt,2,2,hc,-3.75,away,1.02,1
tj6b1ikC,Al Ahly,National Bank Egypt,2,2,hc,0.25,home,1.17,1
tj6b1ikC,Al Ahly,National Bank Egypt,2,2,hc,0.25,away,6.63,1
tj6b1ikC,Al Ahly,National Bank Egypt,2,2,hc,-0.25,home,1.4,1
tj6b1ikC,Al Ahly,National Bank Egypt,2,2,hc,-0.25,away,3.36,1
tj6b1ikC,Al Ahly,National Bank Egypt,2,2,dc,0,home/draw,1.14,1
tj6b1ikC,Al Ahly,National Bank Egypt,2,2,dc,0,home/away,1.32,1
tj6b1ikC,Al Ahly,National Bank Egypt,2,2,dc,0,draw/away,2.58,1
lG96aVJO,Al Masry,Ceramica Cleopatra,0,0,1x2,0,home,2.64,1
lG96aVJO,Al Masry,Ceramica Cleopatra,0,0,1x2,0,draw,3.25,1
lG96aVJO,Al Masry,Ceramica Cleopatra,0,0,1x2,0,away,3.05,1
lG96aVJO,Al Masry,Ceramica Cleopatra,0,0,ou,0.50,over,1.08,1
lG96aVJO,Al Masry,Ceramica Cleopatra,0,0,ou,0.50,under,11.5,1
lG96aVJO,Al Masry,Ceramica Cleopatra,0,0,ou,1.50,over,1.36,1
lG96aVJO,Al Masry,Ceramica Cleopatra,0,0,ou,1.50,under,3.65,1
lG96aVJO,Al Masry,Ceramica Cleopatra,0,0,ou,2.50,over,2.08,1
lG96aVJO,Al Masry,Ceramica Cleopatra,0,0,ou,2.50,under,1.87,1
lG96aVJO,Al Masry,Ceramica Cleopatra,0,0,ou,3.50,over,3.8,1
lG96aVJO,Al Masry,Ceramica Cleopatra,0,0,ou,3.50,under,1.33,1
lG96aVJO,Al Masry,Ceramica Cleopatra,0,0,ou,4.50,over,8.4,1
lG96aVJO,Al Masry,Ceramica Cleopatra,0,0,ou,4.50,under,1.12,1
lG96aVJO,Al Masry,Ceramica Cleopatra,0,0,ou,5.50,over,20.0,1
lG96aVJO,Al Masry,Ceramica Cleopatra,0,0,ou,5.50,under,1.04,1
lG96aVJO,Al Masry,Ceramica Cleopatra,0,0,ou,6.50,over,50.0,1
lG96aVJO,Al Masry,Ceramica Cleopatra,0,0,hc,0,home,1.82,1
lG96aVJO,Al Masry,Ceramica Cleopatra,0,0,hc,0,away,2.12,1
lG96aVJO,Al Masry,Ceramica Cleopatra,0,0,hc,0.50,home,1.46,1
lG96aVJO,Al Masry,Ceramica Cleopatra,0,0,hc,0.50,away,3.05,1
lG96aVJO,Al Masry,Ceramica Cleopatra,0,0,hc,-0.50,home,2.64,1
lG96aVJO,Al Masry,Ceramica Cleopatra,0,0,hc,-0.50,away,1.58,1
lG96aVJO,Al Masry,Ceramica Cleopatra,0,0,hc,0.75,home,1.31,1
lG96aVJO,Al Masry,Ceramica Cleopatra,0,0,hc,0.75,away,3.9,1
lG96aVJO,Al Masry,Ceramica Cleopatra,0,0,hc,-0.75,home,3.26,1
lG96aVJO,Al Masry,Ceramica Cleopatra,0,0,hc,-0.75,away,1.42,1
lG96aVJO,Al Masry,Ceramica Cleopatra,0,0,hc,1.00,home,1.16,1
lG96aVJO,Al Masry,Ceramica Cleopatra,0,0,hc,1.00,away,5.97,1
lG96aVJO,Al Masry,Ceramica Cleopatra,0,0,hc,-1.00,home,4.64,1
lG96aVJO,Al Masry,Ceramica Cleopatra,0,0,hc,-1.00,away,1.24,1
lG96aVJO,Al Masry,Ceramica Cleopatra,0,0,hc,1.25,home,1.13,1
lG96aVJO,Al Masry,Ceramica Cleopatra,0,0,hc,1.25,away,6.68,1
lG96aVJO,Al Masry,Ceramica Cleopatra,0,0,hc,-1.25,home,5.25,1
lG96aVJO,Al Masry,Ceramica Cleopatra,0,0,hc,-1.25,away,1.21,1
lG96aVJO,Al Masry,Ceramica Cleopatra,0,0,hc,1.50,home,1.12,1
lG96aVJO,Al Masry,Ceramica Cleopatra,0,0,hc,1.50,away,7.4,1
lG96aVJO,Al Masry,Ceramica Cleopatra,0,0,hc,-1.50,home,5.86,1
lG96aVJO,Al Masry,Ceramica Cleopatra,0,0,hc,-1.50,away,1.18,1
lG96aVJO,Al Masry,Ceramica Cleopatra,0,0,hc,1.75,home,1.07,1
lG96aVJO,Al Masry,Ceramica Cleopatra,0,0,hc,1.75,away,7.4,1
lG96aVJO,Al Masry,Ceramica Cleopatra,0,0,hc,-1.75,home,7.65,1
lG96aVJO,Al Masry,Ceramica Cleopatra,0,0,hc,-1.75,away,1.12,1
lG96aVJO,Al Masry,Ceramica Cleopatra,0,0,hc,2.00,away,7.4,1
lG96aVJO,Al Masry,Ceramica Cleopatra,0,0,hc,-2.00,home,11.08,1
lG96aVJO,Al Masry,Ceramica Cleopatra,0,0,hc,-2.00,away,1.06,1
lG96aVJO,Al Masry,Ceramica Cleopatra,0,0,hc,2.25,away,7.4,1
lG96aVJO,Al Masry,Ceramica Cleopatra,0,0,hc,-2.25,home,11.59,1
lG96aVJO,Al Masry,Ceramica Cleopatra,0,0,hc,-2.25,away,1.05,1
lG96aVJO,Al Masry,Ceramica Cleopatra,0,0,hc,2.50,away,7.4,1
lG96aVJO,Al Masry,Ceramica Cleopatra,0,0,hc,-2.50,home,7.5,1
lG96aVJO,Al Masry,Ceramica Cleopatra,0,0,hc,-2.50,away,1.05,1
lG96aVJO,Al Masry,Ceramica Cleopatra,0,0,hc,-2.75,home,7.5,1
lG96aVJO,Al Masry,Ceramica Cleopatra,0,0,hc,-2.75,away,1.02,1
lG96aVJO,Al Masry,Ceramica Cleopatra,0,0,hc,0.25,home,1.59,1
lG96aVJO,Al Masry,Ceramica Cleopatra,0,0,hc,0.25,away,2.58,1
lG96aVJO,Al Masry,Ceramica Cleopatra,0,0,hc,-0.25,home,2.23,1
lG96aVJO,Al Masry,Ceramica Cleopatra,0,0,hc,-0.25,away,1.77,1
lG96aVJO,Al Masry,Ceramica Cleopatra,0,0,dc,0,home/draw,1.45,1
lG96aVJO,Al Masry,Ceramica Cleopatra,0,0,dc,0,home/away,1.41,1
lG96aVJO,Al Masry,Ceramica Cleopatra,0,0,dc,0,draw/away,1.58,1
KzIk3DKa,Petrojet,Pyramids,0,0,1x2,0,home,9.4,1
KzIk3DKa,Petrojet,Pyramids,0,0,1x2,0,draw,5.5,1
KzIk3DKa,Petrojet,Pyramids,0,0,1x2,0,away,1.38,1
KzIk3DKa,Petrojet,Pyramids,0,0,ou,0.50,over,1.04,1
KzIk3DKa,Petrojet,Pyramids,0,0,ou,0.50,under,22.0,1
KzIk3DKa,Petrojet,Pyramids,0,0,ou,1.50,over,1.17,1
KzIk3DKa,Petrojet,Pyramids,0,0,ou,1.50,under,6.2,1
KzIk3DKa,Petrojet,Pyramids,0,0,ou,2.50,over,1.54,1
KzIk3DKa,Petrojet,Pyramids,0,0,ou,2.50,under,2.76,1
KzIk3DKa,Petrojet,Pyramids,0,0,ou,3.50,over,2.34,1
KzIk3DKa,Petrojet,Pyramids,0,0,ou,3.50,under,1.71,1
KzIk3DKa,Petrojet,Pyramids,0,0,ou,4.50,over,4.2,1
KzIk3DKa,Petrojet,Pyramids,0,0,ou,4.50,under,1.29,1
KzIk3DKa,Petrojet,Pyramids,0,0,ou,5.50,over,8.6,1
KzIk3DKa,Petrojet,Pyramids,0,0,ou,5.50,under,1.12,1
KzIk3DKa,Petrojet,Pyramids,0,0,ou,6.50,over,17.5,1
KzIk3DKa,Petrojet,Pyramids,0,0,ou,6.50,under,1.04,1
KzIk3DKa,Petrojet,Pyramids,0,0,ou,7.50,over,40.0,1
KzIk3DKa,Petrojet,Pyramids,0,0,hc,0,home,7.71,1
KzIk3DKa,Petrojet,Pyramids,0,0,hc,0,away,1.14,1
KzIk3DKa,Petrojet,Pyramids,0,0,hc,0.50,home,3.5,1
KzIk3DKa,Petrojet,Pyramids,0,0,hc,0.50,away,1.39,1
KzIk3DKa,Petrojet,Pyramids,0,0,hc,-0.50,home,9.4,1
KzIk3DKa,Petrojet,Pyramids,0,0,hc,-0.50,away,1.11,1
KzIk3DKa,Petrojet,Pyramids,0,0,hc,0.75,home,3.07,1
KzIk3DKa,Petrojet,Pyramids,0,0,hc,0.75,away,1.46,1
KzIk3DKa,Petrojet,Pyramids,0,0,hc,-0.75,home,13.57,1
KzIk3DKa,Petrojet,Pyramids,0,0,hc,-0.75,away,1.07,1
KzIk3DKa,Petrojet,Pyramids,0,0,hc,1.00,home,2.65,1
KzIk3DKa,Petrojet,Pyramids,0,0,hc,1.00,away,1.56,1
KzIk3DKa,Petrojet,Pyramids,0,0,hc,-1.00,home,22.44,1
KzIk3DKa,Petrojet,Pyramids,0,0,hc,-1.00,away,1.03,1
KzIk3DKa,Petrojet,Pyramids,0,0,hc,1.25,home,2.15,1
KzIk3DKa,Petrojet,Pyramids,0,0,hc,1.25,away,1.78,1
KzIk3DKa,Petrojet,Pyramids,0,0,hc,-1.25,home,23.22,1
KzIk3DKa,Petrojet,Pyramids,0,0,hc,-1.25,away,1.03,1
KzIk3DKa,Petrojet,Pyramids,0,0,hc,1.50,home,1.89,1
KzIk3DKa,Petrojet,Pyramids,0,0,hc,1.50,away,2.0,1
KzIk3DKa,Petrojet,Pyramids,0,0,hc,-1.50,home,21.84,1
KzIk3DKa,Petrojet,Pyramids,0,0,hc,-1.50,away,1.03,1
KzIk3DKa,Petrojet,Pyramids,0,0,hc,1.75,home,1.7,1
KzIk3DKa,Petrojet,Pyramids,0,0,hc,1.75,away,2.27,1
KzIk3DKa,Petrojet,Pyramids,0,0,hc,-1.75,home,21.84,1
KzIk3DKa,Petrojet,Pyramids,0,0,hc,2.00,home,1.51,1
KzIk3DKa,Petrojet,Pyramids,0,0,hc,2.00,away,2.73,1
KzIk3DKa,Petrojet,Pyramids,0,0,hc,2.25,home,1.43,1
KzIk3DKa,Petrojet,Pyramids,0,0,hc,2.25,away,3.1,1
KzIk3DKa,Petrojet,Pyramids,0,0,hc,2.50,home,1.37,1
KzIk3DKa,Petrojet,Pyramids,0,0,hc,2.50,away,3.45,1
KzIk3DKa,Petrojet,Pyramids,0,0,hc,2.75,home,1.28,1
KzIk3DKa,Petrojet,Pyramids,0,0,hc,2.75,away,4.28,1
KzIk3DKa,Petrojet,Pyramids,0,0,hc,3.00,home,1.18,1
KzIk3DKa,Petrojet,Pyramids,0,0,hc,3.00,away,5.93,1
KzIk3DKa,Petrojet,Pyramids,0,0,hc,3.25,home,1.16,1
KzIk3DKa,Petrojet,Pyramids,0,0,hc,3.25,away,6.44,1
KzIk3DKa,Petrojet,Pyramids,0,0,hc,3.50,home,1.15,1
KzIk3DKa,Petrojet,Pyramids,0,0,hc,3.50,away,6.85,1
KzIk3DKa,Petrojet,Pyramids,0,0,hc,3.75,home,1.1,1
KzIk3DKa,Petrojet,Pyramids,0,0,hc,3.75,away,7.92,1
KzIk3DKa,Petrojet,Pyramids,0,0,hc,4.00,home,1.05,1
KzIk3DKa,Petrojet,Pyramids,0,0,hc,4.00,away,7.75,1
KzIk3DKa,Petrojet,Pyramids,0,0,hc,0.25,home,4.64,1
KzIk3DKa,Petrojet,Pyramids,0,0,hc,0.25,away,1.26,1
KzIk3DKa,Petrojet,Pyramids,0,0,hc,-0.25,home,8.55,1
KzIk3DKa,Petrojet,Pyramids,0,0,hc,-0.25,away,1.12,1
KzIk3DKa,Petrojet,Pyramids,0,0,dc,0,home/draw,3.45,1
KzIk3DKa,Petrojet,Pyramids,0,0,dc,0,home/away,1.2,1
KzIk3DKa,Petrojet,Pyramids,0,0,dc,0,draw/away,1.11,1
p0dL0ZGi,Smouha,Al Ittihad,0,0,1x2,0,home,3.05,1
p0dL0ZGi,Smouha,Al Ittihad,0,0,1x2,0,draw,2.4,1
p0dL0ZGi,Smouha,Al Ittihad,0,0,1x2,0,away,3.85,1
p0dL0ZGi,Smouha,Al Ittihad,0,0,ou,0.50,over,1.31,1
p0dL0ZGi,Smouha,Al Ittihad,0,0,ou,0.50,under,4.1,1
p0dL0ZGi,Smouha,Al Ittihad,0,0,ou,1.50,over,2.26,1
p0dL0ZGi,Smouha,Al Ittihad,0,0,ou,1.50,under,1.78,1
p0dL0ZGi,Smouha,Al Ittihad,0,0,ou,2.50,over,4.9,1
p0dL0ZGi,Smouha,Al Ittihad,0,0,ou,2.50,under,1.23,1
p0dL0ZGi,Smouha,Al Ittihad,0,0,ou,3.50,over,14.5,1
p0dL0ZGi,Smouha,Al Ittihad,0,0,ou,3.50,under,1.06,1
p0dL0ZGi,Smouha,Al Ittihad,0,0,ou,4.50,over,34.0,1
p0dL0ZGi,Smouha,Al Ittihad,0,0,ou,5.50,over,50.0,1
p0dL0ZGi,Smouha,Al Ittihad,0,0,hc,0,home,1.77,1
p0dL0ZGi,Smouha,Al Ittihad,0,0,hc,0,away,2.24,1
p0dL0ZGi,Smouha,Al Ittihad,0,0,hc,0.50,home,1.34,1
p0dL0ZGi,Smouha,Al Ittihad,0,0,hc,0.50,away,3.85,1
p0dL0ZGi,Smouha,Al Ittihad,0,0,hc,-0.50,home,3.05,1
p0dL0ZGi,Smouha,Al Ittihad,0,0,hc,-0.50,away,1.47,1
p0dL0ZGi,Smouha,Al Ittihad,0,0,hc,0.75,home,1.19,1
p0dL0ZGi,Smouha,Al Ittihad,0,0,hc,0.75,away,4.63,1
p0dL0ZGi,Smouha,Al Ittihad,0,0,hc,-0.75,home,3.54,1
p0dL0ZGi,Smouha,Al Ittihad,0,0,hc,-0.75,away,1.27,1
p0dL0ZGi,Smouha,Al Ittihad,0,0,hc,1.00,home,1.04,1
p0dL0ZGi,Smouha,Al Ittihad,0,0,hc,1.00,away,6.03,1
p0dL0ZGi,Smouha,Al Ittihad,0,0,hc,-1.00,home,4.36,1
p0dL0ZGi,Smouha,Al Ittihad,0,0,hc,-1.00,away,1.07,1
p0dL0ZGi,Smouha,Al Ittihad,0,0,hc,1.25,home,1.03,1
p0dL0ZGi,Smouha,Al Ittihad,0,0,hc,1.25,away,6.41,1
p0dL0ZGi,Smouha,Al Ittihad,0,0,hc,-1.25,home,4.68,1
p0dL0ZGi,Smouha,Al Ittihad,0,0,hc,-1.25,away,1.05,1
p0dL0ZGi,Smouha,Al Ittihad,0,0,hc,1.50,home,1.03,1
p0dL0ZGi,Smouha,Al Ittihad,0,0,hc,1.50,away,6.8,1
p0dL0ZGi,Smouha,Al Ittihad,0,0,hc,-1.50,home,5.0,1
p0dL0ZGi,Smouha,Al Ittihad,0,0,hc,-1.50,away,1.05,1
p0dL0ZGi,Smouha,Al Ittihad,0,0,hc,1.75,away,6.8,1
p0dL0ZGi,Smouha,Al Ittihad,0,0,hc,-1.75,home,5.0,1
p0dL0ZGi,Smouha,Al Ittihad,0,0,hc,-1.75,away,1.02,1
p0dL0ZGi,Smouha,Al Ittihad,0,0,hc,0.25,home,1.47,1
p0dL0ZGi,Smouha,Al Ittihad,0,0,hc,0.25,away,3.04,1
p0dL0ZGi,Smouha,Al Ittihad,0,0,hc,-0.25,home,2.41,1
p0dL0ZGi,Smouha,Al Ittihad,0,0,hc,-0.25,away,1.69,1
p0dL0ZGi,Smouha,Al Ittihad,0,0,dc,0,home/draw,1.34,1
p0dL0ZGi,Smouha,Al Ittihad,0,0,dc,0,home/away,1.7,1
p0dL0ZGi,Smouha,Al Ittihad,0,0,dc,0,draw/away,1.47,1
YLS2rh1N,El Gaish,Enppi,1,1,1x2,0,home,3.65,1
YLS2rh1N,El Gaish,Enppi,1,1,1x2,0,draw,2.8,1
YLS2rh1N,El Gaish,Enppi,1,1,1x2,0,away,2.68,1
YLS2rh1N,El Gaish,Enppi,1,1,ou,0.50,over,1.2,1
YLS2rh1N,El Gaish,Enppi,1,1,ou,0.50,under,5.7,1
YLS2rh1N,El Gaish,Enppi,1,1,ou,1.50,over,1.83,1
YLS2rh1N,El Gaish,Enppi,1,1,ou,1.50,under,2.16,1
YLS2rh1N,El Gaish,Enppi,1,1,ou,2.50,over,3.7,1
YLS2rh1N,El Gaish,Enppi,1,1,ou,2.50,under,1.36,1
YLS2rh1N,El Gaish,Enppi,1,1,ou,3.50,over,9.0,1
YLS2rh1N,El Gaish,Enppi,1,1,ou,3.50,under,1.11,1
YLS2rh1N,El Gaish,Enppi,1,1,ou,4.50,over,26.0,1
YLS2rh1N,El Gaish,Enppi,1,1,ou,4.50,under,1.03,1
YLS2rh1N,El Gaish,Enppi,1,1,ou,5.50,over,55.0,1
YLS2rh1N,El Gaish,Enppi,1,1,hc,0,home,2.33,1
YLS2rh1N,El Gaish,Enppi,1,1,hc,0,away,1.72,1
YLS2rh1N,El Gaish,Enppi,1,1,hc,0.50,home,1.58,1
YLS2rh1N,El Gaish,Enppi,1,1,hc,0.50,away,2.68,1
YLS2rh1N,El Gaish,Enppi,1,1,hc,-0.50,home,3.6,1
YLS2rh1N,El Gaish,Enppi,1,1,hc,-0.50,away,1.37,1
YLS2rh1N,El Gaish,Enppi,1,1,hc,0.75,home,1.38,1
YLS2rh1N,El Gaish,Enppi,1,1,hc,0.75,away,3.43,1
YLS2rh1N,El Gaish,Enppi,1,1,hc,-0.75,home,4.25,1
YLS2rh1N,El Gaish,Enppi,1,1,hc,-0.75,away,1.21,1
YLS2rh1N,El Gaish,Enppi,1,1,hc,1.00,home,1.06,1
YLS2rh1N,El Gaish,Enppi,1,1,hc,1.00,away,5.31,1
YLS2rh1N,El Gaish,Enppi,1,1,hc,-1.00,home,5.33,1
YLS2rh1N,El Gaish,Enppi,1,1,hc,-1.00,away,1.05,1
YLS2rh1N,El Gaish,Enppi,1,1,hc,1.25,home,1.05,1
YLS2rh1N,El Gaish,Enppi,1,1,hc,1.25,away,5.9,1
YLS2rh1N,El Gaish,Enppi,1,1,hc,-1.25,home,5.66,1
YLS2rh1N,El Gaish,Enppi,1,1,hc,-1.25,away,1.04,1
YLS2rh1N,El Gaish,Enppi,1,1,hc,1.50,home,1.13,1
YLS2rh1N,El Gaish,Enppi,1,1,hc,1.50,away,6.62,1
YLS2rh1N,El Gaish,Enppi,1,1,hc,-1.50,home,6.0,1
YLS2rh1N,El Gaish,Enppi,1,1,hc,-1.50,away,1.04,1
YLS2rh1N,El Gaish,Enppi,1,1,hc,1.75,home,1.06,1
YLS2rh1N,El Gaish,Enppi,1,1,hc,1.75,away,6.62,1
YLS2rh1N,El Gaish,Enppi,1,1,hc,-1.75,home,6.0,1
YLS2rh1N,El Gaish,Enppi,1,1,hc,-1.75,away,1.02,1
YLS2rh1N,El Gaish,Enppi,1,1,hc,0.25,home,1.81,1
YLS2rh1N,El Gaish,Enppi,1,1,hc,0.25,away,2.2,1
YLS2rh1N,El Gaish,Enppi,1,1,hc,-0.25,home,2.96,1
YLS2rh1N,El Gaish,Enppi,1,1,hc,-0.25,away,1.49,1
YLS2rh1N,El Gaish,Enppi,1,1,dc,0,home/draw,1.58,1
YLS2rh1N,El Gaish,Enppi,1,1,dc,0,home/away,1.53,1
YLS2rh1N,El Gaish,Enppi,1,1,dc,0,draw/away,1.37,1
tSkUbDo4,Ghazl El Mahallah,El Gouna,0,0,1x2,0,home,2.34,1
tSkUbDo4,Ghazl El Mahallah,El Gouna,0,0,1x2,0,draw,2.74,1
tSkUbDo4,Ghazl El Mahallah,El Gouna,0,0,1x2,0,away,4.4,1
tSkUbDo4,Ghazl El Mahallah,El Gouna,0,0,ou,0.50,over,1.19,1
tSkUbDo4,Ghazl El Mahallah,El Gouna,0,0,ou,0.50,under,6.0,1
tSkUbDo4,Ghazl El Mahallah,El Gouna,0,0,ou,1.50,over,1.76,1
tSkUbDo4,Ghazl El Mahallah,El Gouna,0,0,ou,1.50,under,2.24,1
tSkUbDo4,Ghazl El Mahallah,El Gouna,0,0,ou,2.50,over,3.45,1
tSkUbDo4,Ghazl El Mahallah,El Gouna,0,0,ou,2.50,under,1.39,1
tSkUbDo4,Ghazl El Mahallah,El Gouna,0,0,ou,3.50,over,8.0,1
tSkUbDo4,Ghazl El Mahallah,El Gouna,0,0,ou,3.50,under,1.13,1
tSkUbDo4,Ghazl El Mahallah,El Gouna,0,0,ou,4.50,over,21.0,1
tSkUbDo4,Ghazl El Mahallah,El Gouna,0,0,ou,4.50,under,1.04,1
tSkUbDo4,Ghazl El Mahallah,El Gouna,0,0,ou,5.50,over,38.0,1
tSkUbDo4,Ghazl El Mahallah,El Gouna,0,0,hc,0,home,1.51,1
tSkUbDo4,Ghazl El Mahallah,El Gouna,0,0,hc,0,away,2.89,1
tSkUbDo4,Ghazl El Mahallah,El Gouna,0,0,hc,0.50,home,1.27,1
tSkUbDo4,Ghazl El Mahallah,El Gouna,0,0,hc,0.50,away,4.5,1
tSkUbDo4,Ghazl El Mahallah,El Gouna,0,0,hc,-0.50,home,2.34,1
tSkUbDo4,Ghazl El Mahallah,El Gouna,0,0,hc,-0.50,away,1.72,1
tSkUbDo4,Ghazl El Mahallah,El Gouna,0,0,hc,0.75,home,1.13,1
tSkUbDo4,Ghazl El Mahallah,El Gouna,0,0,hc,0.75,away,4.5,1
tSkUbDo4,Ghazl El Mahallah,El Gouna,0,0,hc,-0.75,home,2.76,1
tSkUbDo4,Ghazl El Mahallah,El Gouna,0,0,hc,-0.75,away,1.47,1
tSkUbDo4,Ghazl El Mahallah,El Gouna,0,0,hc,1.00,home,1.05,1
tSkUbDo4,Ghazl El Mahallah,El Gouna,0,0,hc,1.00,away,4.5,1
tSkUbDo4,Ghazl El Mahallah,El Gouna,0,0,hc,-1.00,home,3.54,1
tSkUbDo4,Ghazl El Mahallah,El Gouna,0,0,hc,-1.00,away,1.22,1
tSkUbDo4,Ghazl El Mahallah,El Gouna,0,0,hc,1.25,home,1.05,1
tSkUbDo4,Ghazl El Mahallah,El Gouna,0,0,hc,1.25,away,4.5,1
tSkUbDo4,Ghazl El Mahallah,El Gouna,0,0,hc,-1.25,home,3.96,1
tSkUbDo4,Ghazl El Mahallah,El Gouna,0,0,hc,-1.25,away,1.18,1
tSkUbDo4,Ghazl El Mahallah,El Gouna,0,0,hc,1.50,home,1.04,1
tSkUbDo4,Ghazl El Mahallah,El Gouna,0,0,hc,1.50,away,4.5,1
tSkUbDo4,Ghazl El Mahallah,El Gouna,0,0,hc,-1.50,home,4.38,1
tSkUbDo4,Ghazl El Mahallah,El Gouna,0,0,hc,-1.50,away,1.15,1
tSkUbDo4,Ghazl El Mahallah,El Gouna,0,0,hc,1.75,home,1.02,1
tSkUbDo4,Ghazl El Mahallah,El Gouna,0,0,hc,1.75,away,4.5,1
tSkUbDo4,Ghazl El Mahallah,El Gouna,0,0,hc,-1.75,home,4.38,1
tSkUbDo4,Ghazl El Mahallah,El Gouna,0,0,hc,-1.75,away,1.07,1
tSkUbDo4,Ghazl El Mahallah,El Gouna,0,0,hc,-2.00,home,4.38,1
tSkUbDo4,Ghazl El Mahallah,El Gouna,0,0,hc,-2.00,away,1.05,1
tSkUbDo4,Ghazl El Mahallah,El Gouna,0,0,hc,-2.25,home,4.38,1
tSkUbDo4,Ghazl El Mahallah,El Gouna,0,0,hc,-2.25,away,1.05,1
tSkUbDo4,Ghazl El Mahallah,El Gouna,0,0,hc,-2.50,home,4.38,1
tSkUbDo4,Ghazl El Mahallah,El Gouna,0,0,hc,-2.50,away,1.05,1
tSkUbDo4,Ghazl El Mahallah,El Gouna,0,0,hc,-2.75,home,4.38,1
tSkUbDo4,Ghazl El Mahallah,El Gouna,0,0,hc,-2.75,away,1.02,1
tSkUbDo4,Ghazl El Mahallah,El Gouna,0,0,hc,0.25,home,1.35,1
tSkUbDo4,Ghazl El Mahallah,El Gouna,0,0,hc,0.25,away,3.69,1
tSkUbDo4,Ghazl El Mahallah,El Gouna,0,0,hc,-0.25,home,1.93,1
tSkUbDo4,Ghazl El Mahallah,El Gouna,0,0,hc,-0.25,away,2.04,1
tSkUbDo4,Ghazl El Mahallah,El Gouna,0,0,dc,0,home/draw,1.27,1
tSkUbDo4,Ghazl El Mahallah,El Gouna,0,0,dc,0,home/away,1.55,1
tSkUbDo4,Ghazl El Mahallah,El Gouna,0,0,dc,0,draw/away,1.72,1
Ig4ZxWOp,El Ismaily,Modern Sport,1,1,1x2,0,home,3.6,1
Ig4ZxWOp,El Ismaily,Modern Sport,1,1,1x2,0,draw,2.7,1
Ig4ZxWOp,El Ismaily,Modern Sport,1,1,1x2,0,away,2.76,1
Ig4ZxWOp,El Ismaily,Modern Sport,1,1,ou,0.50,over,1.21,1
Ig4ZxWOp,El Ismaily,Modern Sport,1,1,ou,0.50,under,5.4,1
Ig4ZxWOp,El Ismaily,Modern Sport,1,1,ou,1.50,over,1.83,1
Ig4ZxWOp,El Ismaily,Modern Sport,1,1,ou,1.50,under,2.14,1
Ig4ZxWOp,El Ismaily,Modern Sport,1,1,ou,2.50,over,3.75,1
Ig4ZxWOp,El Ismaily,Modern Sport,1,1,ou,2.50,under,1.34,1
Ig4ZxWOp,El Ismaily,Modern Sport,1,1,ou,3.50,over,9.0,1
Ig4ZxWOp,El Ismaily,Modern Sport,1,1,ou,3.50,under,1.11,1
Ig4ZxWOp,El Ismaily,Modern Sport,1,1,ou,4.50,over,26.0,1
Ig4ZxWOp,El Ismaily,Modern Sport,1,1,ou,4.50,under,1.03,1
Ig4ZxWOp,El Ismaily,Modern Sport,1,1,ou,5.50,over,34.0,1
Ig4ZxWOp,El Ismaily,Modern Sport,1,1,ou,6.50,over,1.2,1
Ig4ZxWOp,El Ismaily,Modern Sport,1,1,hc,0,home,2.29,1
Ig4ZxWOp,El Ismaily,Modern Sport,1,1,hc,0,away,1.74,1
Ig4ZxWOp,El Ismaily,Modern Sport,1,1,hc,0.50,home,1.55,1
Ig4ZxWOp,El Ismaily,Modern Sport,1,1,hc,0.50,away,2.76,1
Ig4ZxWOp,El Ismaily,Modern Sport,1,1,hc,-0.50,home,3.61,1
Ig4ZxWOp,El Ismaily,Modern Sport,1,1,hc,-0.50,away,1.37,1
Ig4ZxWOp,El Ismaily,Modern Sport,1,1,hc,0.75,home,1.28,1
Ig4ZxWOp,El Ismaily,Modern Sport,1,1,hc,0.75,away,2.83,1
Ig4ZxWOp,El Ismaily,Modern Sport,1,1,hc,-0.75,home,3.73,1
Ig4ZxWOp,El Ismaily,Modern Sport,1,1,hc,-0.75,away,1.19,1
Ig4ZxWOp,El Ismaily,Modern Sport,1,1,hc,1.00,home,1.02,1
Ig4ZxWOp,El Ismaily,Modern Sport,1,1,hc,1.00,away,2.91,1
Ig4ZxWOp,El Ismaily,Modern Sport,1,1,hc,-1.00,home,3.85,1
Ig4ZxWOp,El Ismaily,Modern Sport,1,1,hc,-1.00,away,1.07,1
Ig4ZxWOp,El Ismaily,Modern Sport,1,1,hc,1.25,away,2.95,1
Ig4ZxWOp,El Ismaily,Modern Sport,1,1,hc,-1.25,home,3.9,1
Ig4ZxWOp,El Ismaily,Modern Sport,1,1,hc,-1.25,away,1.06,1
Ig4ZxWOp,El Ismaily,Modern Sport,1,1,hc,1.50,away,3.0,1
Ig4ZxWOp,El Ismaily,Modern Sport,1,1,hc,-1.50,home,3.95,1
Ig4ZxWOp,El Ismaily,Modern Sport,1,1,hc,-1.50,away,1.07,1
Ig4ZxWOp,El Ismaily,Modern Sport,1,1,hc,1.75,home,1.05,1
Ig4ZxWOp,El Ismaily,Modern Sport,1,1,hc,1.75,away,3.0,1
Ig4ZxWOp,El Ismaily,Modern Sport,1,1,hc,-1.75,home,3.95,1
Ig4ZxWOp,El Ismaily,Modern Sport,1,1,hc,-1.75,away,1.03,1
Ig4ZxWOp,El Ismaily,Modern Sport,1,1,hc,0.25,home,1.77,1
Ig4ZxWOp,El Ismaily,Modern Sport,1,1,hc,0.25,away,2.25,1
Ig4ZxWOp,El Ismaily,Modern Sport,1,1,hc,-0.25,home,2.96,1
Ig4ZxWOp,El Ismaily,Modern Sport,1,1,hc,-0.25,away,1.49,1
Ig4ZxWOp,El Ismaily,Modern Sport,1,1,dc,0,home/draw,1.55,1
Ig4ZxWOp,El Ismaily,Modern Sport,1,1,dc,0,home/away,1.56,1
Ig4ZxWOp,El Ismaily,Modern Sport,1,1,dc,0,draw/away,1.37,1
8rJBAeSP,Haras El Hodood,National Bank Egypt,1,1,1x2,0,home,7.2,1
8rJBAeSP,Haras El Hodood,National Bank Egypt,1,1,1x2,0,draw,4.1,1
8rJBAeSP,Haras El Hodood,National Bank Egypt,1,1,1x2,0,away,1.61,1
8rJBAeSP,Haras El Hodood,National Bank Egypt,1,1,ou,0.50,over,1.07,1
8rJBAeSP,Haras El Hodood,National Bank Egypt,1,1,ou,0.50,under,12.5,1
8rJBAeSP,Haras El Hodood,National Bank Egypt,1,1,ou,1.50,over,1.34,1
8rJBAeSP,Haras El Hodood,National Bank Egypt,1,1,ou,1.50,under,3.75,1
8rJBAeSP,Haras El Hodood,National Bank Egypt,1,1,ou,2.50,over,2.04,1
8rJBAeSP,Haras El Hodood,National Bank Egypt,1,1,ou,2.50,under,1.93,1
8rJBAeSP,Haras El Hodood,National Bank Egypt,1,1,ou,3.50,over,3.7,1
8rJBAeSP,Haras El Hodood,National Bank Egypt,1,1,ou,3.50,under,1.36,1
8rJBAeSP,Haras El Hodood,National Bank Egypt,1,1,ou,4.50,over,8.0,1
8rJBAeSP,Haras El Hodood,National Bank Egypt,1,1,ou,4.50,under,1.12,1
8rJBAeSP,Haras El Hodood,National Bank Egypt,1,1,ou,5.50,over,19.0,1
8rJBAeSP,Haras El Hodood,National Bank Egypt,1,1,ou,5.50,under,1.04,1
8rJBAeSP,Haras El Hodood,National Bank Egypt,1,1,ou,6.50,over,50.0,1
8rJBAeSP,Haras El Hodood,National Bank Egypt,1,1,hc,0,home,5.44,1
8rJBAeSP,Haras El Hodood,National Bank Egypt,1,1,hc,0,away,1.21,1
8rJBAeSP,Haras El Hodood,National Bank Egypt,1,1,hc,0.50,home,2.61,1
8rJBAeSP,Haras El Hodood,National Bank Egypt,1,1,hc,0.50,away,1.61,1
8rJBAeSP,Haras El Hodood,National Bank Egypt,1,1,hc,-0.50,home,7.2,1
8rJBAeSP,Haras El Hodood,National Bank Egypt,1,1,hc,-0.50,away,1.15,1
8rJBAeSP,Haras El Hodood,National Bank Egypt,1,1,hc,0.75,home,2.27,1
8rJBAeSP,Haras El Hodood,National Bank Egypt,1,1,hc,0.75,away,1.77,1
8rJBAeSP,Haras El Hodood,National Bank Egypt,1,1,hc,-0.75,home,10.43,1
8rJBAeSP,Haras El Hodood,National Bank Egypt,1,1,hc,-0.75,away,1.09,1
8rJBAeSP,Haras El Hodood,National Bank Egypt,1,1,hc,1.00,home,1.92,1
8rJBAeSP,Haras El Hodood,National Bank Egypt,1,1,hc,1.00,away,2.04,1
8rJBAeSP,Haras El Hodood,National Bank Egypt,1,1,hc,-1.00,home,19.85,1
8rJBAeSP,Haras El Hodood,National Bank Egypt,1,1,hc,-1.00,away,1.03,1
8rJBAeSP,Haras El Hodood,National Bank Egypt,1,1,hc,1.25,home,1.69,1
8rJBAeSP,Haras El Hodood,National Bank Egypt,1,1,hc,1.25,away,2.4,1
8rJBAeSP,Haras El Hodood,National Bank Egypt,1,1,hc,-1.25,home,20.92,1
8rJBAeSP,Haras El Hodood,National Bank Egypt,1,1,hc,-1.25,away,1.03,1
8rJBAeSP,Haras El Hodood,National Bank Egypt,1,1,hc,1.50,home,1.55,1
8rJBAeSP,Haras El Hodood,National Bank Egypt,1,1,hc,1.50,away,2.76,1
8rJBAeSP,Haras El Hodood,National Bank Egypt,1,1,hc,-1.50,home,22.0,1
8rJBAeSP,Haras El Hodood,National Bank Egypt,1,1,hc,-1.50,away,1.02,1
8rJBAeSP,Haras El Hodood,National Bank Egypt,1,1,hc,1.75,home,1.41,1
8rJBAeSP,Haras El Hodood,National Bank Egypt,1,1,hc,1.75,away,3.28,1
8rJBAeSP,Haras El Hodood,National Bank Egypt,1,1,hc,-1.75,home,22.0,1
8rJBAeSP,Haras El Hodood,National Bank Egypt,1,1,hc,2.00,home,1.25,1
8rJBAeSP,Haras El Hodood,National Bank Egypt,1,1,hc,2.00,away,4.22,1
8rJBAeSP,Haras El Hodood,National Bank Egypt,1,1,hc,2.25,home,1.21,1
8rJBAeSP,Haras El Hodood,National Bank Egypt,1,1,hc,2.25,away,4.63,1
8rJBAeSP,Haras El Hodood,National Bank Egypt,1,1,hc,2.50,home,1.19,1
8rJBAeSP,Haras El Hodood,National Bank Egypt,1,1,hc,2.50,away,5.0,1
8rJBAeSP,Haras El Hodood,National Bank Egypt,1,1,hc,2.75,home,1.12,1
8rJBAeSP,Haras El Hodood,National Bank Egypt,1,1,hc,2.75,away,6.85,1
8rJBAeSP,Haras El Hodood,National Bank Egypt,1,1,hc,3.00,home,1.05,1
8rJBAeSP,Haras El Hodood,National Bank Egypt,1,1,hc,3.00,away,7.01,1
8rJBAeSP,Haras El Hodood,National Bank Egypt,1,1,hc,3.25,home,1.05,1
8rJBAeSP,Haras El Hodood,National Bank Egypt,1,1,hc,3.25,away,7.09,1
8rJBAeSP,Haras El Hodood,National Bank Egypt,1,1,hc,3.50,home,1.05,1
8rJBAeSP,Haras El Hodood,National Bank Egypt,1,1,hc,3.50,away,8.08,1
8rJBAeSP,Haras El Hodood,National Bank Egypt,1,1,hc,3.75,home,1.02,1
8rJBAeSP,Haras El Hodood,National Bank Egypt,1,1,hc,3.75,away,8.08,1
8rJBAeSP,Haras El Hodood,National Bank Egypt,1,1,hc,0.25,home,3.36,1
8rJBAeSP,Haras El Hodood,National Bank Egypt,1,1,hc,0.25,away,1.41,1
8rJBAeSP,Haras El Hodood,National Bank Egypt,1,1,hc,-0.25,home,6.32,1
8rJBAeSP,Haras El Hodood,National Bank Egypt,1,1,hc,-0.25,away,1.18,1
8rJBAeSP,Haras El Hodood,National Bank Egypt,1,1,dc,0,home/draw,2.6,1
8rJBAeSP,Haras El Hodood,National Bank Egypt,1,1,dc,0,home/away,1.31,1
8rJBAeSP,Haras El Hodood,National Bank Egypt,1,1,dc,0,draw/away,1.15,1
SSar5Zkm,Zamalek,Pyramids,0,0,1x2,0,home,3.0,1
SSar5Zkm,Zamalek,Pyramids,0,0,1x2,0,draw,3.25,1
SSar5Zkm,Zamalek,Pyramids,0,0,1x2,0,away,2.72,1
SSar5Zkm,Zamalek,Pyramids,0,0,ou,0.50,over,1.1,1
SSar5Zkm,Zamalek,Pyramids,0,0,ou,0.50,under,10.0,1
SSar5Zkm,Zamalek,Pyramids,0,0,ou,1.50,over,1.42,1
SSar5Zkm,Zamalek,Pyramids,0,0,ou,1.50,under,3.25,1
SSar5Zkm,Zamalek,Pyramids,0,0,ou,2.50,over,2.32,1
SSar5Zkm,Zamalek,Pyramids,0,0,ou,2.50,under,1.73,1
SSar5Zkm,Zamalek,Pyramids,0,0,ou,3.50,over,4.4,1
SSar5Zkm,Zamalek,Pyramids,0,0,ou,3.50,under,1.27,1
SSar5Zkm,Zamalek,Pyramids,0,0,ou,4.50,over,10.0,1
SSar5Zkm,Zamalek,Pyramids,0,0,ou,4.50,under,1.1,1
SSar5Zkm,Zamalek,Pyramids,0,0,ou,5.50,over,26.0,1
SSar5Zkm,Zamalek,Pyramids,0,0,ou,5.50,under,1.03,1
SSar5Zkm,Zamalek,Pyramids,0,0,ou,6.50,over,60.0,1
SSar5Zkm,Zamalek,Pyramids,0,0,hc,0,home,2.09,1
SSar5Zkm,Zamalek,Pyramids,0,0,hc,0,away,1.89,1
SSar5Zkm,Zamalek,Pyramids,0,0,hc,0.50,home,1.57,1
SSar5Zkm,Zamalek,Pyramids,0,0,hc,0.50,away,2.72,1
SSar5Zkm,Zamalek,Pyramids,0,0,hc,-0.50,home,3.0,1
SSar5Zkm,Zamalek,Pyramids,0,0,hc,-0.50,away,1.49,1
SSar5Zkm,Zamalek,Pyramids,0,0,hc,0.75,home,1.39,1
SSar5Zkm,Zamalek,Pyramids,0,0,hc,0.75,away,3.41,1
SSar5Zkm,Zamalek,Pyramids,0,0,hc,-0.75,home,3.86,1
SSar5Zkm,Zamalek,Pyramids,0,0,hc,-0.75,away,1.33,1
SSar5Zkm,Zamalek,Pyramids,0,0,hc,1.00,home,1.22,1
SSar5Zkm,Zamalek,Pyramids,0,0,hc,1.00,away,5.04,1
SSar5Zkm,Zamalek,Pyramids,0,0,hc,-1.00,home,5.85,1
SSar5Zkm,Zamalek,Pyramids,0,0,hc,-1.00,away,1.18,1
SSar5Zkm,Zamalek,Pyramids,0,0,hc,1.25,home,1.19,1
SSar5Zkm,Zamalek,Pyramids,0,0,hc,1.25,away,5.72,1
SSar5Zkm,Zamalek,Pyramids,0,0,hc,-1.25,home,6.57,1
SSar5Zkm,Zamalek,Pyramids,0,0,hc,-1.25,away,1.15,1
SSar5Zkm,Zamalek,Pyramids,0,0,hc,1.50,home,1.15,1
SSar5Zkm,Zamalek,Pyramids,0,0,hc,1.50,away,6.4,1
SSar5Zkm,Zamalek,Pyramids,0,0,hc,-1.50,home,7.2,1
SSar5Zkm,Zamalek,Pyramids,0,0,hc,-1.50,away,1.13,1
SSar5Zkm,Zamalek,Pyramids,0,0,hc,1.75,home,1.1,1
SSar5Zkm,Zamalek,Pyramids,0,0,hc,1.75,away,8.38,1
SSar5Zkm,Zamalek,Pyramids,0,0,hc,-1.75,home,7.28,1
SSar5Zkm,Zamalek,Pyramids,0,0,hc,-1.75,away,1.07,1
SSar5Zkm,Zamalek,Pyramids,0,0,hc,2.00,home,1.04,1
SSar5Zkm,Zamalek,Pyramids,0,0,hc,2.00,away,8.5,1
SSar5Zkm,Zamalek,Pyramids,0,0,hc,-2.00,home,7.6,1
SSar5Zkm,Zamalek,Pyramids,0,0,hc,2.25,home,1.04,1
SSar5Zkm,Zamalek,Pyramids,0,0,hc,2.25,away,8.61,1
SSar5Zkm,Zamalek,Pyramids,0,0,hc,-2.25,home,7.6,1
SSar5Zkm,Zamalek,Pyramids,0,0,hc,2.50,home,1.04,1
SSar5Zkm,Zamalek,Pyramids,0,0,hc,2.50,away,8.73,1
SSar5Zkm,Zamalek,Pyramids,0,0,hc,-2.50,home,7.6,1
SSar5Zkm,Zamalek,Pyramids,0,0,hc,2.75,home,1.02,1
SSar5Zkm,Zamalek,Pyramids,0,0,hc,2.75,away,8.73,1
SSar5Zkm,Zamalek,Pyramids,0,0,hc,-2.75,home,7.6,1
SSar5Zkm,Zamalek,Pyramids,0,0,hc,0.25,home,1.75,1
SSar5Zkm,Zamalek,Pyramids,0,0,hc,0.25,away,2.3,1
SSar5Zkm,Zamalek,Pyramids,0,0,hc,-0.25,home,2.54,1
SSar5Zkm,Zamalek,Pyramids,0,0,hc,-0.25,away,1.63,1
SSar5Zkm,Zamalek,Pyramids,0,0,dc,0,home/draw,1.57,1
SSar5Zkm,Zamalek,Pyramids,0,0,dc,0,home/away,1.42,1
SSar5Zkm,Zamalek,Pyramids,0,0,dc,0,draw/away,1.49,1
GlWPnhzJ,Ceramica Cleopatra,Al Ahly,0,0,1x2,0,home,6.4,1
GlWPnhzJ,Ceramica Cleopatra,Al Ahly,0,0,1x2,0,draw,4.2,1
GlWPnhzJ,Ceramica Cleopatra,Al Ahly,0,0,1x2,0,away,1.62,1
GlWPnhzJ,Ceramica Cleopatra,Al Ahly,0,0,ou,0.50,over,1.05,1
GlWPnhzJ,Ceramica Cleopatra,Al Ahly,0,0,ou,0.50,under,17.5,1
GlWPnhzJ,Ceramica Cleopatra,Al Ahly,0,0,ou,1.50,over,1.27,1
GlWPnhzJ,Ceramica Cleopatra,Al Ahly,0,0,ou,1.50,under,4.4,1
GlWPnhzJ,Ceramica Cleopatra,Al Ahly,0,0,ou,2.50,over,1.87,1
GlWPnhzJ,Ceramica Cleopatra,Al Ahly,0,0,ou,2.50,under,2.12,1
GlWPnhzJ,Ceramica Cleopatra,Al Ahly,0,0,ou,3.50,over,3.15,1
GlWPnhzJ,Ceramica Cleopatra,Al Ahly,0,0,ou,3.50,under,1.43,1
GlWPnhzJ,Ceramica Cleopatra,Al Ahly,0,0,ou,4.50,over,6.2,1
GlWPnhzJ,Ceramica Cleopatra,Al Ahly,0,0,ou,4.50,under,1.17,1
GlWPnhzJ,Ceramica Cleopatra,Al Ahly,0,0,ou,5.50,over,14.5,1
GlWPnhzJ,Ceramica Cleopatra,Al Ahly,0,0,ou,5.50,under,1.06,1
GlWPnhzJ,Ceramica Cleopatra,Al Ahly,0,0,ou,6.50,over,34.0,1
GlWPnhzJ,Ceramica Cleopatra,Al Ahly,0,0,ou,6.50,under,1.02,1
GlWPnhzJ,Ceramica Cleopatra,Al Ahly,0,0,ou,7.50,over,65.0,1
GlWPnhzJ,Ceramica Cleopatra,Al Ahly,0,0,hc,0,home,4.87,1
GlWPnhzJ,Ceramica Cleopatra,Al Ahly,0,0,hc,0,away,1.24,1
GlWPnhzJ,Ceramica Cleopatra,Al Ahly,0,0,hc,0.50,home,2.53,1
GlWPnhzJ,Ceramica Cleopatra,Al Ahly,0,0,hc,0.50,away,1.62,1
GlWPnhzJ,Ceramica Cleopatra,Al Ahly,0,0,hc,-0.50,home,6.4,1
GlWPnhzJ,Ceramica Cleopatra,Al Ahly,0,0,hc,-0.50,away,1.17,1
GlWPnhzJ,Ceramica Cleopatra,Al Ahly,0,0,hc,0.75,home,2.18,1
GlWPnhzJ,Ceramica Cleopatra,Al Ahly,0,0,hc,0.75,away,1.79,1
GlWPnhzJ,Ceramica Cleopatra,Al Ahly,0,0,hc,-0.75,home,8.96,1
GlWPnhzJ,Ceramica Cleopatra,Al Ahly,0,0,hc,-0.75,away,1.11,1
GlWPnhzJ,Ceramica Cleopatra,Al Ahly,0,0,hc,1.00,home,1.83,1
GlWPnhzJ,Ceramica Cleopatra,Al Ahly,0,0,hc,1.00,away,2.07,1
GlWPnhzJ,Ceramica Cleopatra,Al Ahly,0,0,hc,-1.00,home,16.18,1
GlWPnhzJ,Ceramica Cleopatra,Al Ahly,0,0,hc,-1.00,away,1.05,1
GlWPnhzJ,Ceramica Cleopatra,Al Ahly,0,0,hc,1.25,home,1.62,1
GlWPnhzJ,Ceramica Cleopatra,Al Ahly,0,0,hc,1.25,away,2.43,1
GlWPnhzJ,Ceramica Cleopatra,Al Ahly,0,0,hc,-1.25,home,17.09,1
GlWPnhzJ,Ceramica Cleopatra,Al Ahly,0,0,hc,-1.25,away,1.04,1
GlWPnhzJ,Ceramica Cleopatra,Al Ahly,0,0,hc,1.50,home,1.49,1
GlWPnhzJ,Ceramica Cleopatra,Al Ahly,0,0,hc,1.50,away,2.8,1
GlWPnhzJ,Ceramica Cleopatra,Al Ahly,0,0,hc,-1.50,home,18.0,1
GlWPnhzJ,Ceramica Cleopatra,Al Ahly,0,0,hc,-1.50,away,1.04,1
GlWPnhzJ,Ceramica Cleopatra,Al Ahly,0,0,hc,1.75,home,1.36,1
GlWPnhzJ,Ceramica Cleopatra,Al Ahly,0,0,hc,1.75,away,3.39,1
GlWPnhzJ,Ceramica Cleopatra,Al Ahly,0,0,hc,-1.75,home,18.0,1
GlWPnhzJ,Ceramica Cleopatra,Al Ahly,0,0,hc,-1.75,away,1.02,1
GlWPnhzJ,Ceramica Cleopatra,Al Ahly,0,0,hc,2.00,home,1.23,1
GlWPnhzJ,Ceramica Cleopatra,Al Ahly,0,0,hc,2.00,away,4.57,1
GlWPnhzJ,Ceramica Cleopatra,Al Ahly,0,0,hc,2.25,home,1.19,1
GlWPnhzJ,Ceramica Cleopatra,Al Ahly,0,0,hc,2.25,away,4.94,1
GlWPnhzJ,Ceramica Cleopatra,Al Ahly,0,0,hc,2.50,home,1.17,1
GlWPnhzJ,Ceramica Cleopatra,Al Ahly,0,0,hc,2.50,away,5.32,1
GlWPnhzJ,Ceramica Cleopatra,Al Ahly,0,0,hc,2.75,home,1.12,1
GlWPnhzJ,Ceramica Cleopatra,Al Ahly,0,0,hc,2.75,away,7.01,1
GlWPnhzJ,Ceramica Cleopatra,Al Ahly,0,0,hc,3.00,home,1.06,1
GlWPnhzJ,Ceramica Cleopatra,Al Ahly,0,0,hc,3.00,away,10.81,1
GlWPnhzJ,Ceramica Cleopatra,Al Ahly,0,0,hc,3.25,home,1.06,1
GlWPnhzJ,Ceramica Cleopatra,Al Ahly,0,0,hc,3.25,away,11.0,1
GlWPnhzJ,Ceramica Cleopatra,Al Ahly,0,0,hc,3.50,home,1.06,1
GlWPnhzJ,Ceramica Cleopatra,Al Ahly,0,0,hc,3.50,away,10.67,1
GlWPnhzJ,Ceramica Cleopatra,Al Ahly,0,0,hc,3.75,home,1.03,1
GlWPnhzJ,Ceramica Cleopatra,Al Ahly,0,0,hc,3.75,away,10.67,1
GlWPnhzJ,Ceramica Cleopatra,Al Ahly,0,0,hc,0.25,home,3.2,1
GlWPnhzJ,Ceramica Cleopatra,Al Ahly,0,0,hc,0.25,away,1.43,1
GlWPnhzJ,Ceramica Cleopatra,Al Ahly,0,0,hc,-0.25,home,5.63,1
GlWPnhzJ,Ceramica Cleopatra,Al Ahly,0,0,hc,-0.25,away,1.2,1
GlWPnhzJ,Ceramica Cleopatra,Al Ahly,0,0,dc,0,home/draw,2.54,1
GlWPnhzJ,Ceramica Cleopatra,Al Ahly,0,0,dc,0,home/away,1.3,1
GlWPnhzJ,Ceramica Cleopatra,Al Ahly,0,0,dc,0,draw/away,1.17,1
KMxHlE56,Pharco,Al Masry,1,1,1x2,0,home,5.3,1
KMxHlE56,Pharco,Al Masry,1,1,1x2,0,draw,3.2,1
KMxHlE56,Pharco,Al Masry,1,1,1x2,0,away,1.92,1
KMxHlE56,Pharco,Al Masry,1,1,ou,0.50,over,1.13,1
KMxHlE56,Pharco,Al Masry,1,1,ou,0.50,under,7.6,1
KMxHlE56,Pharco,Al Masry,1,1,ou,1.50,over,1.56,1
KMxHlE56,Pharco,Al Masry,1,1,ou,1.50,under,2.7,1
KMxHlE56,Pharco,Al Masry,1,1,ou,2.50,over,2.74,1
KMxHlE56,Pharco,Al Masry,1,1,ou,2.50,under,1.55,1
KMxHlE56,Pharco,Al Masry,1,1,ou,3.50,over,5.7,1
KMxHlE56,Pharco,Al Masry,1,1,ou,3.50,under,1.19,1
KMxHlE56,Pharco,Al Masry,1,1,ou,4.50,over,14.5,1
KMxHlE56,Pharco,Al Masry,1,1,ou,4.50,under,1.06,1
KMxHlE56,Pharco,Al Masry,1,1,ou,5.50,over,38.0,1
KMxHlE56,Pharco,Al Masry,1,1,ou,5.50,under,1.02,1
KMxHlE56,Pharco,Al Masry,1,1,hc,0,home,3.69,1
KMxHlE56,Pharco,Al Masry,1,1,hc,0,away,1.34,1
KMxHlE56,Pharco,Al Masry,1,1,hc,0.50,home,2.03,1
KMxHlE56,Pharco,Al Masry,1,1,hc,0.50,away,1.92,1
KMxHlE56,Pharco,Al Masry,1,1,hc,-0.50,home,5.3,1
KMxHlE56,Pharco,Al Masry,1,1,hc,-0.50,away,1.21,1
KMxHlE56,Pharco,Al Masry,1,1,hc,0.75,home,1.73,1
KMxHlE56,Pharco,Al Masry,1,1,hc,0.75,away,2.24,1
KMxHlE56,Pharco,Al Masry,1,1,hc,-0.75,home,7.51,1
KMxHlE56,Pharco,Al Masry,1,1,hc,-0.75,away,1.13,1
KMxHlE56,Pharco,Al Masry,1,1,hc,1.00,home,1.44,1
KMxHlE56,Pharco,Al Masry,1,1,hc,1.00,away,2.9,1
KMxHlE56,Pharco,Al Masry,1,1,hc,-1.00,home,14.41,1
KMxHlE56,Pharco,Al Masry,1,1,hc,-1.00,away,1.05,1
KMxHlE56,Pharco,Al Masry,1,1,hc,1.25,home,1.34,1
KMxHlE56,Pharco,Al Masry,1,1,hc,1.25,away,3.42,1
KMxHlE56,Pharco,Al Masry,1,1,hc,-1.25,home,15.47,1
KMxHlE56,Pharco,Al Masry,1,1,hc,-1.25,away,1.05,1
KMxHlE56,Pharco,Al Masry,1,1,hc,1.50,home,1.27,1
KMxHlE56,Pharco,Al Masry,1,1,hc,1.50,away,3.95,1
KMxHlE56,Pharco,Al Masry,1,1,hc,-1.50,home,16.53,1
KMxHlE56,Pharco,Al Masry,1,1,hc,-1.50,away,1.04,1
KMxHlE56,Pharco,Al Masry,1,1,hc,1.75,home,1.18,1
KMxHlE56,Pharco,Al Masry,1,1,hc,1.75,away,5.24,1
KMxHlE56,Pharco,Al Masry,1,1,hc,-1.75,home,16.53,1
KMxHlE56,Pharco,Al Masry,1,1,hc,-1.75,away,1.02,1
KMxHlE56,Pharco,Al Masry,1,1,hc,2.00,home,1.09,1
KMxHlE56,Pharco,Al Masry,1,1,hc,2.00,away,8.53,1
KMxHlE56,Pharco,Al Masry,1,1,hc,2.25,home,1.08,1
KMxHlE56,Pharco,Al Masry,1,1,hc,2.25,away,9.31,1
KMxHlE56,Pharco,Al Masry,1,1,hc,2.50,home,1.08,1
KMxHlE56,Pharco,Al Masry,1,1,hc,2.50,away,10.09,1
KMxHlE56,Pharco,Al Masry,1,1,hc,2.75,home,1.04,1
KMxHlE56,Pharco,Al Masry,1,1,hc,2.75,away,10.09,1
KMxHlE56,Pharco,Al Masry,1,1,hc,0.25,home,2.49,1
KMxHlE56,Pharco,Al Masry,1,1,hc,0.25,away,1.63,1
KMxHlE56,Pharco,Al Masry,1,1,hc,-0.25,home,4.49,1
KMxHlE56,Pharco,Al Masry,1,1,hc,-0.25,away,1.26,1
KMxHlE56,Pharco,Al Masry,1,1,dc,0,home/draw,2.02,1
KMxHlE56,Pharco,Al Masry,1,1,dc,0,home/away,1.43,1
KMxHlE56,Pharco,Al Masry,1,1,dc,0,draw/away,1.21,1
WdWonz2b,El Gouna,El Gaish,0,0,1x2,0,home,3.75,1
WdWonz2b,El Gouna,El Gaish,0,0,1x2,0,draw,2.54,1
WdWonz2b,El Gouna,El Gaish,0,0,1x2,0,away,2.94,1
WdWonz2b,El Gouna,El Gaish,0,0,ou,0.50,over,1.24,1
WdWonz2b,El Gouna,El Gaish,0,0,ou,0.50,under,4.7,1
WdWonz2b,El Gouna,El Gaish,0,0,ou,1.50,over,2.0,1
WdWonz2b,El Gouna,El Gaish,0,0,ou,1.50,under,1.95,1
WdWonz2b,El Gouna,El Gaish,0,0,ou,2.50,over,4.6,1
WdWonz2b,El Gouna,El Gaish,0,0,ou,2.50,under,1.27,1
WdWonz2b,El Gouna,El Gaish,0,0,ou,3.50,over,11.0,1
WdWonz2b,El Gouna,El Gaish,0,0,ou,3.50,under,1.08,1
WdWonz2b,El Gouna,El Gaish,0,0,ou,4.50,over,34.0,1
WdWonz2b,El Gouna,El Gaish,0,0,ou,4.50,under,1.02,1
WdWonz2b,El Gouna,El Gaish,0,0,ou,5.50,over,55.0,1
WdWonz2b,El Gouna,El Gaish,0,0,hc,0,home,2.27,1
WdWonz2b,El Gouna,El Gaish,0,0,hc,0,away,1.78,1
WdWonz2b,El Gouna,El Gaish,0,0,hc,0.50,home,1.51,1
WdWonz2b,El Gouna,El Gaish,0,0,hc,0.50,away,2.94,1
WdWonz2b,El Gouna,El Gaish,0,0,hc,-0.50,home,3.75,1
WdWonz2b,El Gouna,El Gaish,0,0,hc,-0.50,away,1.36,1
WdWonz2b,El Gouna,El Gaish,0,0,hc,0.75,home,1.29,1
WdWonz2b,El Gouna,El Gaish,0,0,hc,0.75,away,3.36,1
WdWonz2b,El Gouna,El Gaish,0,0,hc,-0.75,home,4.46,1
WdWonz2b,El Gouna,El Gaish,0,0,hc,-0.75,away,1.2,1
WdWonz2b,El Gouna,El Gaish,0,0,hc,1.00,home,1.07,1
WdWonz2b,El Gouna,El Gaish,0,0,hc,1.00,away,4.03,1
WdWonz2b,El Gouna,El Gaish,0,0,hc,-1.00,home,5.69,1
WdWonz2b,El Gouna,El Gaish,0,0,hc,-1.00,away,1.04,1
WdWonz2b,El Gouna,El Gaish,0,0,hc,1.25,home,1.06,1
WdWonz2b,El Gouna,El Gaish,0,0,hc,1.25,away,4.31,1
WdWonz2b,El Gouna,El Gaish,0,0,hc,-1.25,home,6.04,1
WdWonz2b,El Gouna,El Gaish,0,0,hc,-1.25,away,1.04,1
WdWonz2b,El Gouna,El Gaish,0,0,hc,1.50,home,1.05,1
WdWonz2b,El Gouna,El Gaish,0,0,hc,1.50,away,4.6,1
WdWonz2b,El Gouna,El Gaish,0,0,hc,-1.50,home,6.4,1
WdWonz2b,El Gouna,El Gaish,0,0,hc,-1.50,away,1.03,1
WdWonz2b,El Gouna,El Gaish,0,0,hc,1.75,home,1.02,1
WdWonz2b,El Gouna,El Gaish,0,0,hc,1.75,away,4.6,1
WdWonz2b,El Gouna,El Gaish,0,0,hc,-1.75,home,6.4,1
WdWonz2b,El Gouna,El Gaish,0,0,hc,0.25,home,1.73,1
WdWonz2b,El Gouna,El Gaish,0,0,hc,0.25,away,2.36,1
WdWonz2b,El Gouna,El Gaish,0,0,hc,-0.25,home,3.01,1
WdWonz2b,El Gouna,El Gaish,0,0,hc,-0.25,away,1.49,1
WdWonz2b,El Gouna,El Gaish,0,0,dc,0,home/draw,1.51,1
WdWonz2b,El Gouna,El Gaish,0,0,dc,0,home/away,1.64,1
WdWonz2b,El Gouna,El Gaish,0,0,dc,0,draw/away,1.36,1
SOPfpEWA,ZED,Modern Sport,2,2,1x2,0,home,3.1,1
SOPfpEWA,ZED,Modern Sport,2,2,1x2,0,draw,2.82,1
SOPfpEWA,ZED,Modern Sport,2,2,1x2,0,away,2.98,1
SOPfpEWA,ZED,Modern Sport,2,2,ou,0.50,over,1.18,1
SOPfpEWA,ZED,Modern Sport,2,2,ou,0.50,under,6.0,1
SOPfpEWA,ZED,Modern Sport,2,2,ou,1.50,over,1.76,1
SOPfpEWA,ZED,Modern Sport,2,2,ou,1.50,under,2.26,1
SOPfpEWA,ZED,Modern Sport,2,2,ou,2.50,over,3.4,1
SOPfpEWA,ZED,Modern Sport,2,2,ou,2.50,under,1.4,1
SOPfpEWA,ZED,Modern Sport,2,2,ou,3.50,over,8.0,1
SOPfpEWA,ZED,Modern Sport,2,2,ou,3.50,under,1.13,1
SOPfpEWA,ZED,Modern Sport,2,2,ou,4.50,over,21.0,1
SOPfpEWA,ZED,Modern Sport,2,2,ou,4.50,under,1.03,1
SOPfpEWA,ZED,Modern Sport,2,2,ou,5.50,over,50.0,1
SOPfpEWA,ZED,Modern Sport,2,2,ou,6.50,over,65.0,1
SOPfpEWA,ZED,Modern Sport,2,2,hc,0,home,2.02,1
SOPfpEWA,ZED,Modern Sport,2,2,hc,0,away,1.92,1
SOPfpEWA,ZED,Modern Sport,2,2,hc,0.50,home,1.48,1
SOPfpEWA,ZED,Modern Sport,2,2,hc,0.50,away,2.98,1
SOPfpEWA,ZED,Modern Sport,2,2,hc,-0.50,home,3.14,1
SOPfpEWA,ZED,Modern Sport,2,2,hc,-0.50,away,1.44,1
SOPfpEWA,ZED,Modern Sport,2,2,hc,0.75,home,1.32,1
SOPfpEWA,ZED,Modern Sport,2,2,hc,0.75,away,3.8,1
SOPfpEWA,ZED,Modern Sport,2,2,hc,-0.75,home,4.22,1
SOPfpEWA,ZED,Modern Sport,2,2,hc,-0.75,away,1.29,1
SOPfpEWA,ZED,Modern Sport,2,2,hc,1.00,home,1.15,1
SOPfpEWA,ZED,Modern Sport,2,2,hc,1.00,away,5.78,1
SOPfpEWA,ZED,Modern Sport,2,2,hc,-1.00,home,6.45,1
SOPfpEWA,ZED,Modern Sport,2,2,hc,-1.00,away,1.14,1
SOPfpEWA,ZED,Modern Sport,2,2,hc,1.25,home,1.13,1
SOPfpEWA,ZED,Modern Sport,2,2,hc,1.25,away,6.49,1
SOPfpEWA,ZED,Modern Sport,2,2,hc,-1.25,home,7.22,1
SOPfpEWA,ZED,Modern Sport,2,2,hc,-1.25,away,1.12,1
SOPfpEWA,ZED,Modern Sport,2,2,hc,1.50,home,1.11,1
SOPfpEWA,ZED,Modern Sport,2,2,hc,1.50,away,7.2,1
SOPfpEWA,ZED,Modern Sport,2,2,hc,-1.50,home,8.0,1
SOPfpEWA,ZED,Modern Sport,2,2,hc,-1.50,away,1.1,1
SOPfpEWA,ZED,Modern Sport,2,2,hc,1.75,home,1.06,1
SOPfpEWA,ZED,Modern Sport,2,2,hc,1.75,away,7.2,1
SOPfpEWA,ZED,Modern Sport,2,2,hc,-1.75,home,8.0,1
SOPfpEWA,ZED,Modern Sport,2,2,hc,-1.75,away,1.05,1
SOPfpEWA,ZED,Modern Sport,2,2,hc,0.25,home,1.66,1
SOPfpEWA,ZED,Modern Sport,2,2,hc,0.25,away,2.45,1
SOPfpEWA,ZED,Modern Sport,2,2,hc,-0.25,home,2.58,1
SOPfpEWA,ZED,Modern Sport,2,2,hc,-0.25,away,1.6,1
SOPfpEWA,ZED,Modern Sport,2,2,dc,0,home/draw,1.48,1
SOPfpEWA,ZED,Modern Sport,2,2,dc,0,home/away,1.54,1
SOPfpEWA,ZED,Modern Sport,2,2,dc,0,draw/away,1.44,1
