Country;Season;Date;Home_Team;Home_Goal;Away_Goal;Away_Team;Note;Odds_Home;Odds_Draw;Odds_Away;End_Of_RT;Interval;Exact number of goals;Winning margin;Number of goals;BTTS
USA;MLS 1998;07/01/1998;Chicago Fire;4;1;Fc Dallas;;-182;220;600;Home;4 | 6;5;3_or_+;+ | 3.5;Yes
USA;MLS 1998;07/01/1998;Sporting Kansas City;1;0;New England Revolution;;-105;190;280;Home;0 | 1;1;1;- | 2.5;No
USA;MLS 1998;07/02/1998;Dc United;3;1;Miami;;-286;309;800;Home;4 | 6;4;2;+ | 3.5;Yes
USA;MLS 1998;09/02/1998;Chicago Fire;3;2;Miami;;-200;240;500;Home;4 | 6;5;1;+ | 3.5;Yes
USA;MLS 1998;09/02/1998;Colorado Rapids;3;2;Sporting Kansas City;;110;200;260;Home;4 | 6;5;1;+ | 3.5;Yes
USA;MLS 1998;09/02/1998;Los Angeles Galaxy;3;0;Fc Dallas;;-222;280;550;Home;2 | 3;3;3_or_+;- | 3.5;No
USA;MLS 1998;09/02/1998;New York Red Bulls;0;2;New England Revolution;;-167;229;420;Away;2 | 3;2;2;- | 2.5;No
USA;MLS 1998;06/03/1998;Houston Dynamo;0;4;Dc United;;185;185;150;Away;4 | 6;4;3_or_+;+ | 3.5;No
USA;MLS 1998;06/03/1998;New York Red Bulls;1;2;Mutiny;;-143;220;350;Away;2 | 3;3;1;- | 3.5;Yes
USA;MLS 1998;09/03/1998;Mutiny;2;1;Houston Dynamo;;100;210;300;Home;2 | 3;3;1;- | 3.5;Yes
USA;MLS 1998;21/03/1998;Dc United;3;2;Sporting Kansas City;;-118;210;280;Home;4 | 6;5;1;+ | 3.5;Yes
USA;MLS 1998;21/03/1998;Miami;0;2;Chicago Fire;;160;190;160;Away;2 | 3;2;2;- | 2.5;No
USA;MLS 1998;21/03/1998;Mutiny;1;2;Columbus Crew;;-118;210;280;Away;2 | 3;3;1;- | 3.5;Yes
USA;MLS 1998;28/03/1998;Los Angeles Galaxy;3;2;New York Red Bulls;;-125;210;309;Home;4 | 6;5;1;+ | 3.5;Yes
USA;MLS 1998;29/03/1998;Fc Dallas;2;1;Columbus Crew;;110;200;265;Home;2 | 3;3;1;- | 3.5;Yes
USA;MLS 1998;04/04/1998;Chicago Fire;2;0;Mutiny;;120;195;229;Home;2 | 3;2;2;- | 2.5;No
USA;MLS 1998;04/04/1998;Colorado Rapids;0;1;Los Angeles Galaxy;;100;200;254;Away;0 | 1;1;1;- | 2.5;No
USA;MLS 1998;04/04/1998;Columbus Crew;2;1;Dc United;;175;185;175;Home;2 | 3;3;1;- | 3.5;Yes
USA;MLS 1998;04/04/1998;Miami;2;1;New England Revolution;;175;185;175;Home;2 | 3;3;1;- | 3.5;Yes
USA;MLS 1998;04/04/1998;Sporting Kansas City;2;0;New York Red Bulls;;-133;215;350;Home;2 | 3;2;2;- | 2.5;No
USA;MLS 1998;06/04/1998;Fc Dallas;1;8;Los Angeles Galaxy;;185;185;150;Away;7 | or_+;9;3_or_+;+ | 4.5;Yes
USA;MLS 1998;08/04/1998;Sporting Kansas City;1;0;Chicago Fire;;100;200;250;Home;0 | 1;1;1;- | 2.5;No
USA;MLS 1998;11/04/1998;Columbus Crew;3;2;New England Revolution;;-118;215;309;Home;4 | 6;5;1;+ | 3.5;Yes
USA;MLS 1998;11/04/1998;Houston Dynamo;1;0;Chicago Fire;;160;185;160;Home;0 | 1;1;1;- | 2.5;No
USA;MLS 1998;11/04/1998;New York Red Bulls;2;3;Los Angeles Galaxy;;160;185;160;Away;4 | 6;5;1;+ | 3.5;Yes
USA;MLS 1998;11/04/1998;Mutiny;3;1;Fc Dallas;;125;200;250;Home;4 | 6;4;2;+ | 3.5;Yes
USA;MLS 1998;17/04/1998;Chicago Fire;0;1;New York Red Bulls;;-118;210;300;Away;0 | 1;1;1;- | 2.5;No
USA;MLS 1998;18/04/1998;Columbus Crew;5;1;Miami;;-154;220;400;Home;4 | 6;6;3_or_+;+ | 3.5;Yes
USA;MLS 1998;18/04/1998;Fc Dallas;1;2;Houston Dynamo;;-143;215;350;Away;2 | 3;3;1;- | 3.5;Yes
USA;MLS 1998;18/04/1998;Sporting Kansas City;1;2;Los Angeles Galaxy;;120;200;220;Away;2 | 3;3;1;- | 3.5;Yes
USA;MLS 1998;19/04/1998;Colorado Rapids;3;0;Mutiny;;120;200;229;Home;2 | 3;3;3_or_+;- | 3.5;No
USA;MLS 1998;25/04/1998;Fc Dallas;3;1;Sporting Kansas City;;120;195;250;Home;4 | 6;4;2;+ | 3.5;Yes
USA;MLS 1998;25/04/1998;Los Angeles Galaxy;5;1;Mutiny;;-143;215;380;Home;4 | 6;6;3_or_+;+ | 3.5;Yes
USA;MLS 1998;25/04/1998;New England Revolution;3;0;Miami;;-111;200;350;Home;2 | 3;3;3_or_+;- | 3.5;No
USA;MLS 1998;25/04/1998;New York Red Bulls;4;3;Houston Dynamo;;110;200;260;Home;7 | or_+;7;1;+ | 4.5;Yes
USA;MLS 1998;29/04/1998;Dc United;3;1;Houston Dynamo;;-133;215;350;Home;4 | 6;4;2;+ | 3.5;Yes
USA;MLS 1998;29/04/1998;Sporting Kansas City;0;2;Los Angeles Galaxy;;185;185;154;Away;2 | 3;2;2;- | 2.5;No
USA;MLS 1998;30/04/1998;Mutiny;0;1;Columbus Crew;;160;190;160;Away;0 | 1;1;1;- | 2.5;No
USA;MLS 1998;02/05/1998;Chicago Fire;1;3;Dc United;;160;190;160;Away;4 | 6;4;2;+ | 3.5;Yes
USA;MLS 1998;02/05/1998;Miami;3;2;Colorado Rapids;;154;185;185;Home;4 | 6;5;1;+ | 3.5;Yes
USA;MLS 1998;03/05/1998;Houston Dynamo;1;3;New England Revolution;;110;200;250;Away;4 | 6;4;2;+ | 3.5;Yes
USA;MLS 1998;03/05/1998;Mutiny;0;1;New York Red Bulls;;110;200;250;Away;0 | 1;1;1;- | 2.5;No
USA;MLS 1998;06/05/1998;Los Angeles Galaxy;7;4;Colorado Rapids;;-167;229;400;Home;7 | or_+;11;3_or_+;+ | 4.5;Yes
USA;MLS 1998;06/05/1998;New York Red Bulls;0;1;Fc Dallas;;140;190;190;Away;0 | 1;1;1;- | 2.5;No
USA;MLS 1998;09/05/1998;Colorado Rapids;2;3;Houston Dynamo;;120;195;229;Away;4 | 6;5;1;+ | 3.5;Yes
USA;MLS 1998;09/05/1998;Dc United;2;0;New York Red Bulls;;-167;220;400;Home;2 | 3;2;2;- | 2.5;No
USA;MLS 1998;09/05/1998;Miami;2;0;Columbus Crew;;185;185;145;Home;2 | 3;2;2;- | 2.5;No
USA;MLS 1998;09/05/1998;Miami;3;5;Los Angeles Galaxy;;275;200;110;Away;7 | or_+;8;2;+ | 4.5;Yes
USA;MLS 1998;09/05/1998;Sporting Kansas City;5;1;Houston Dynamo;;-133;220;309;Home;4 | 6;6;3_or_+;+ | 3.5;Yes
USA;MLS 1998;10/05/1998;New England Revolution;4;3;Mutiny;;-143;215;350;Home;7 | or_+;7;1;+ | 4.5;Yes
